account_id,transaction_date,transaction_type,amount
3Q9FXVYPD6V5,2024-04-12,CREDIT,34.08
XA4XQITMIELO,2024-08-16,CREDIT,707.75
TXEG1PMRFSH0,2022-03-03,DEBIT,892.79
62L4TMYQ59A9,2022-09-06,CREDIT,295.09
YTM04QJPHRC4,2022-04-16,CREDIT,734.53
C0AEJ31POOL9,2022-12-30,DEBIT,215.92
F8M83NHB5GOQ,2022-11-25,CREDIT,343.82
0NT7ZMJD16O8,2024-09-20,CREDIT,968.94
YQBWFWHU7MVZ,2024-08-09,CREDIT,6.24
CPUQH48JWZQI,2022-04-29,CREDIT,869.43
31BLGTJIAS44,2022-10-05,CREDIT,44.98
H7K8AKZOXEM2,2022-12-06,DEBIT,620.86
XMSPULSHPCC3,2022-06-29,DEBIT,24.33
D4PHY1HQCIQR,2022-02-21,CREDIT,643.39
YTWVA2HCRUAE,2023-08-14,CREDIT,914.15
015WI76V78J8,2023-11-26,CREDIT,389.01
Z2QBM9WUFK2P,2023-01-17,DEBIT,507.91
IKDJFQSAN5M8,2023-03-31,CREDIT,95.59
DW0RL7O2LI7C,2023-04-08,DEBIT,708.64
6XJI6GIPD1XA,2024-07-07,DEBIT,962.63
DSOU3P07N5U7,2022-11-07,DEBIT,698.16
GJWIWY8JLEH7,2023-09-21,CREDIT,860.74
KWSIEGK0KNA5,2023-09-12,DEBIT,388.58
T62UVO7ISBZD,2024-01-08,CREDIT,670.1
9K1REMX1MDJI,2024-08-02,DEBIT,604.1
KI3V60PFTQ5B,2023-07-05,CREDIT,42.43
WKC4V2SPFJ7S,2023-02-11,DEBIT,490.09
23PA0STJUJNW,2024-01-10,DEBIT,190.82
S4VALLOALG4U,2022-09-27,DEBIT,544.78
13N7VH3II7AC,2024-07-15,DEBIT,36.12
C7OJGQHHW684,2024-08-16,DEBIT,465.3
KSUY826CADV6,2023-11-14,CREDIT,768.14
UIACPZSN2OCJ,2024-04-10,CREDIT,97.77
U9ALSLWDK6C3,2022-11-22,CREDIT,124.9
EHC9PO7DP2GR,2023-07-31,DEBIT,432.46
SZO9MTG0SIRR,2022-10-24,CREDIT,829.92
O0BSEVJ9HVXR,2022-03-09,CREDIT,345.61
Z6BC3557FBNI,2024-06-05,CREDIT,431.11
7LUHW63NX3V8,2022-08-09,DEBIT,155.33
5GP8IA5C17EQ,2022-03-23,CREDIT,287.64
Q0RBQ6YSK39S,2023-12-26,CREDIT,102.81
NQXF3CDK3OWG,2022-01-21,DEBIT,457.14
Y3O5G9W718TP,2024-09-25,CREDIT,579.54
BWRQX7MPMVIP,2024-03-06,CREDIT,333.52
E16NT90HCL1Y,2022-03-24,CREDIT,167.06
EMCQBNQOIL3I,2022-05-14,CREDIT,215.25
A8OCXYDI6JSK,2022-05-05,DEBIT,283.9
FQUY9XET7SUG,2022-04-30,CREDIT,247.79
FZ8EJAVCI7PQ,2024-04-23,DEBIT,129.63
E176LMSYQCMS,2022-09-06,DEBIT,705.07
I4I08KWCRXH9,2023-09-15,CREDIT,871.95
1DPRY1WVUWXC,2022-05-17,DEBIT,250.13
JJK4P54I58EK,2024-08-29,DEBIT,473.15
YGV2B34EHTY5,2023-12-05,DEBIT,170.59
TZL5OPI8JK4P,2023-11-11,CREDIT,193.12
8CKDKYUOEIOY,2023-06-16,CREDIT,73.29
4LAY4RFWIA7N,2022-09-01,CREDIT,940.18
4JRQF86WM59M,2022-02-22,CREDIT,546.35
PQ2JCYA40303,2024-06-14,CREDIT,718.36
L942XG7NZT0Y,2024-03-21,CREDIT,659.74
RHGNZ641OZF2,2024-06-03,CREDIT,837.66
HRZBTT6JT12J,2022-01-08,CREDIT,320.98
LI7CBNLJQL81,2023-03-26,CREDIT,493.55
DZIWANQ6K0KQ,2024-05-23,DEBIT,75.4
VKPSMQRRYW0K,2023-07-11,DEBIT,166.01
PPWLWE9G4HXK,2023-01-08,DEBIT,53.66
0C9YHYPDBCFF,2023-04-27,CREDIT,714.08
WSGCC5JSMAXZ,2024-08-27,DEBIT,777.68
48YQYTIIZEE4,2024-03-10,DEBIT,511.8
5YTXCU159LA1,2023-11-30,CREDIT,275.33
PK83PHX8YDAQ,2023-07-28,DEBIT,749.2
DNTLTA6I43ZF,2023-12-27,CREDIT,421.15
YZ5E0KW1UOA9,2023-02-15,CREDIT,684.11
3NMNZRJ9BWXK,2022-07-22,DEBIT,596.33
0Q30SEKMKIEL,2024-09-18,DEBIT,212.3
RWS9UEH8WNTF,2024-09-18,CREDIT,252.12
GXNAGQX6UITA,2022-05-26,CREDIT,629.42
DVMWU4YX4GOV,2022-09-12,CREDIT,911.68
BR7ASVZQII65,2023-08-16,DEBIT,516.94
LPL09CS54WKM,2023-11-11,CREDIT,966.13
Q1QJE49VIOMM,2023-05-21,CREDIT,100.48
HQH2AFT24XHT,2022-05-05,DEBIT,258.39
YKE9BT0N6ZKU,2022-01-08,DEBIT,249.85
7EACVR631NL4,2024-08-28,CREDIT,104.68
E3VVC30UFZIO,2022-05-01,CREDIT,501.57
PNF94C5F1LUF,2022-11-23,DEBIT,959.07
ISOVXN05S3M1,2024-01-24,DEBIT,843.39
U3WLKP7397NH,2024-03-30,CREDIT,741.2
GS4L5RMT72M1,2023-04-12,DEBIT,892.11
DG3QRKLT4OI3,2022-12-14,CREDIT,936.41
UZQDKCD2ZG4G,2023-10-04,DEBIT,756.91
XV5I0SZDRYDB,2022-11-07,CREDIT,916.36
1KGUC1P32LE8,2023-04-10,DEBIT,80.36
64LPCF835I5Y,2022-09-24,DEBIT,343.39
R51WN1CN3LBX,2022-03-30,DEBIT,199.4
CVXA539U5EGM,2023-09-03,DEBIT,883.44
8F3W18IW9ELH,2022-04-30,CREDIT,131.57
KCQFA5460VMN,2022-07-23,DEBIT,991.45
KKQYXZBKO3Y3,2024-04-02,DEBIT,868.41
85CWR54IRPK4,2023-11-23,DEBIT,421.67
FHT158Z9Z9AC,2024-01-06,DEBIT,132.3
9S1EZ285EWGF,2023-12-19,DEBIT,53.39
T4C7U12DG66S,2022-05-12,DEBIT,116.08
Y09EKE0G2X6Y,2023-09-07,DEBIT,109.09
2GVPT4EU6I5S,2022-06-24,CREDIT,367.17
PAIH01V9ZCI8,2023-12-16,CREDIT,165.22
LNA53KZ972U7,2022-11-22,DEBIT,798.55
6V6UMBTJFIII,2023-12-21,DEBIT,291.77
XJW05LX21NTX,2022-09-16,DEBIT,810.41
FBYTEUZFWTPN,2023-04-27,CREDIT,975.43
DSL8OQ4NTINQ,2024-07-04,DEBIT,381.52
12MP7XGEL0OA,2022-02-19,CREDIT,911.54
L7VWQWUKIAXV,2023-12-30,DEBIT,423.15
KQJHL5E4D1DL,2023-02-25,CREDIT,935.7
CF7SBESP2NNG,2022-04-05,CREDIT,319.0
NNKTGATL9SZ8,2023-09-02,CREDIT,936.19
WMZTEC0KW0PD,2024-04-27,DEBIT,49.49
P4GYUX6L2TWX,2024-01-10,CREDIT,878.46
MH7KTZ34RXZO,2024-08-21,CREDIT,964.26
V54TSZLIPU4C,2023-06-17,DEBIT,30.1
FPH7QXWQUNAY,2024-02-16,CREDIT,11.71
WVBEZSBRKT6X,2022-10-03,CREDIT,983.2
J9B59TXW88OH,2024-09-23,CREDIT,565.81
R9XI2JAYI8OV,2023-01-04,CREDIT,187.82
CGWL6CQW8I3F,2022-09-30,DEBIT,454.67
G1COB98JU2W5,2022-04-19,DEBIT,886.18
QJD0JYR3Z9ZT,2022-08-05,CREDIT,215.84
HT14NF0H9G96,2023-05-13,CREDIT,438.98
S04OTJ3T8Y8O,2023-07-29,CREDIT,593.33
NKCXUZTA2XMO,2023-01-18,CREDIT,123.42
4UPTEXO361ZU,2023-04-09,CREDIT,649.82
K4J9Z73G2Z5I,2022-01-20,CREDIT,207.12
SZ6CR0KG2693,2024-02-02,DEBIT,742.53
5CJZLR94556X,2022-07-11,CREDIT,130.2
YIFMDRQ1SSD4,2022-05-08,DEBIT,701.58
DZ7HABP0PBBL,2023-08-26,DEBIT,278.92
03A4GMIO1FWM,2023-11-29,DEBIT,868.51
WPEKPF1T7DZ6,2024-07-03,CREDIT,374.24
SWELQ1AM5VLW,2022-11-03,DEBIT,115.67
NMB0GQ1YTKIU,2023-08-30,DEBIT,954.45
VV0E6UFHGMHY,2023-02-17,DEBIT,758.03
XIYW685WTGHU,2023-04-01,CREDIT,702.61
PRRAY3KZPPU2,2023-10-20,DEBIT,23.07
8S052IAAY5UO,2023-09-20,DEBIT,852.72
KXJW0CMX4ZXZ,2023-11-22,DEBIT,812.7
16PGDMBLVA1D,2023-02-27,CREDIT,642.66
HFR7RMYWAOT8,2023-01-12,CREDIT,40.38
2QMKDERRZ3P7,2024-07-26,CREDIT,647.58
4EMYLGJF8EP1,2024-08-27,CREDIT,798.0
7GCXEY2LWWQ2,2024-07-03,DEBIT,928.27
UMFTPA6A20D2,2022-03-05,CREDIT,17.33
ECWJVLHQRZ0H,2023-06-26,CREDIT,168.81
H8IHZHT0GUAZ,2022-01-30,CREDIT,687.95
VL2LIWJYCE7U,2023-11-26,CREDIT,515.1
6TZ5ZQGSTLYA,2022-05-15,DEBIT,113.87
YWHTZ4OC78DM,2023-03-26,DEBIT,290.9
OV0AXZ0PODPW,2023-09-27,CREDIT,779.31
YTXI13G4OXCO,2022-09-11,CREDIT,791.63
8N1L5ZPP70RQ,2022-10-31,CREDIT,475.64
1WI66OU4TE7Y,2023-12-25,CREDIT,265.16
B2UQ97UBBQ7P,2023-04-30,DEBIT,894.83
VZQOYA45IW1N,2023-08-14,CREDIT,992.36
T40TH87GXJQ1,2022-01-17,DEBIT,547.26
CRCOAUWU5NZZ,2022-04-04,CREDIT,790.21
WYN27RKKJKAZ,2022-08-19,CREDIT,258.68
PT6ENAKHZXYE,2024-09-30,CREDIT,512.19
LGNKLBKD1Y3K,2022-10-21,DEBIT,36.7
WRTS4567U2LE,2023-05-24,DEBIT,743.86
JGO22AC9DEA9,2023-06-13,DEBIT,220.07
ZK5H6XWKX7BG,2022-11-10,DEBIT,81.17
O8JQLZO84PJO,2022-01-21,CREDIT,964.07
RAO6P8W28I7K,2024-07-05,CREDIT,101.69
BKZ6799G1MGI,2022-10-27,DEBIT,644.73
8004M67U54FS,2022-06-14,DEBIT,332.82
URQ0JG7XZTVT,2022-04-16,CREDIT,604.57
JDWUF59XT0C7,2022-01-31,CREDIT,870.09
7ZDEGR5GFBNO,2023-12-09,DEBIT,911.65
495K4RPFQK39,2022-03-24,CREDIT,312.39
XVKX3O83MIW4,2023-07-13,DEBIT,690.18
CYPR1XRIKSWK,2023-06-20,DEBIT,308.46
Z96ZK66EG5QC,2022-02-24,CREDIT,839.91
IAYPQYW952X4,2023-08-26,DEBIT,608.27
MKCHBXC7W7BK,2024-05-10,CREDIT,686.57
IFJUHC2PPK0G,2022-01-09,CREDIT,750.19
H5WFTKEZ4ZV8,2023-04-28,CREDIT,170.3
1LQX50X0CE12,2023-10-01,DEBIT,36.73
VAU6QQMXG1PU,2022-04-13,CREDIT,633.09
TOVXMKJ96VK6,2022-03-02,CREDIT,785.12
VWU5BI4LAHI8,2022-03-15,CREDIT,212.32
678TNGFUQLVR,2023-10-02,CREDIT,926.04
3UBDEGIIRK4N,2022-09-15,CREDIT,808.53
Y5IU1GUFI79A,2024-02-12,DEBIT,659.8
PKKS6K3BQX4L,2022-05-14,DEBIT,934.46
U4WFAUBT892V,2023-05-31,DEBIT,339.6
OSHNO4R9OMSF,2024-06-08,CREDIT,336.53
603D1UFCWDN1,2024-08-17,CREDIT,602.39
2CRE71AJHUPZ,2023-06-15,DEBIT,626.43
P7TFKPF6RGA7,2023-01-01,DEBIT,889.47
QOUJMOCEBBLX,2023-03-04,CREDIT,922.98
33PY7DZF9Z44,2022-01-15,DEBIT,80.23
0AM0QKJ0T06I,2023-08-30,DEBIT,940.09
AN94RJ23O0Y8,2022-06-05,CREDIT,882.26
5OW3YHVEX5RE,2022-09-21,DEBIT,336.15
63DPZ13ZYAHE,2023-09-09,DEBIT,386.16
KP973CAO08H1,2024-05-02,DEBIT,775.01
LPMHDJRXO3A9,2022-07-13,CREDIT,914.97
OB37512UG3IU,2022-12-14,DEBIT,939.24
T8GFT0MCCA2L,2023-04-07,DEBIT,830.39
67NBMHLS0H7X,2024-09-20,DEBIT,873.56
0GQY0LQROYO2,2022-01-31,CREDIT,727.06
Y3WZFRVACBVO,2023-03-25,CREDIT,793.69
XA24QNDKOOLU,2023-11-19,DEBIT,568.64
IH51539Q4MF6,2024-08-11,CREDIT,292.88
SJCOJRQOS3XJ,2023-11-19,CREDIT,675.97
3DGKRR4WLECO,2022-10-11,CREDIT,706.65
1LAMPY7YZJQO,2024-04-28,DEBIT,757.08
0IM6ILDQLK21,2023-01-18,CREDIT,321.03
VFBF2E15MMBL,2022-03-28,CREDIT,737.36
F0ISY0UQDRXP,2024-01-12,DEBIT,550.69
IY8CAYZULPO0,2023-04-16,CREDIT,131.15
WZ2YORSK4OV5,2022-08-01,DEBIT,88.44
22QZ0CM6M3WF,2024-05-09,CREDIT,8.34
15XSCFHOCSKQ,2023-08-10,CREDIT,249.53
7E5KM29L2XTF,2023-12-12,CREDIT,496.64
IZCSCB7G5MU2,2024-06-13,CREDIT,785.75
RXXDPZMM2JX2,2023-04-25,DEBIT,49.6
TGC1873FCAQF,2023-01-23,DEBIT,494.38
4K0I7GEFTNN7,2023-01-28,CREDIT,511.27
UYZAR6EODRKX,2023-10-19,CREDIT,650.63
94G5X3DNXYYC,2024-08-11,DEBIT,431.68
XVOD0BWR48LC,2023-10-14,CREDIT,509.84
KRLHT8XFPTZX,2024-06-18,CREDIT,593.98
4XNIODJ5N9B6,2022-10-24,CREDIT,474.25
TSFCZONFAHBN,2022-12-16,CREDIT,336.41
KPPTNFD6POEA,2023-10-26,CREDIT,445.03
OIODKJ040UST,2023-05-30,DEBIT,335.46
9FXNOEAOODR4,2024-01-22,CREDIT,244.61
KKSQXIII4GTW,2024-06-04,DEBIT,734.42
3OS87UIQKT7Y,2024-02-19,DEBIT,113.3
HP4MEWMJPD1B,2022-03-17,CREDIT,859.41
GM50DA02X7UC,2022-12-11,CREDIT,641.91
R769KD76HEIO,2024-02-18,DEBIT,645.34
VSMNAGGRFYA0,2023-05-27,DEBIT,21.88
XZFW40NRFYWK,2022-02-21,CREDIT,130.6
B9QX737P09F3,2024-02-15,CREDIT,472.56
356BFN9X6JWQ,2023-07-10,CREDIT,275.42
098BM9KJYVL4,2022-09-10,DEBIT,995.84
IFWZ727AIQET,2024-05-09,CREDIT,114.93
5589031XH1PZ,2023-07-24,CREDIT,199.39
WDCOQ3BAMIFO,2023-07-19,CREDIT,611.98
IQX8VG6FBF4D,2023-03-07,CREDIT,75.75
SRETNIBD8MPZ,2023-04-02,CREDIT,493.36
RPQAKVE5W9TD,2022-03-03,DEBIT,441.29
WTEFUU86Z04T,2024-02-16,DEBIT,567.69
52XL8PUPGQXT,2022-12-30,DEBIT,251.33
TITCUCZ2XSXV,2024-08-21,CREDIT,778.56
DUB5239Q6Y7L,2024-06-15,DEBIT,971.15
GNPHRKBQ3796,2023-06-27,CREDIT,707.23
D17VHNFJBVRY,2023-03-12,DEBIT,690.5
8G5GXO7GX4OS,2022-09-15,CREDIT,889.87
OO23HF9YK8JP,2024-07-03,DEBIT,145.42
97A0CAU9H7Z4,2023-09-04,CREDIT,87.55
MA86EODDQQDS,2023-02-23,DEBIT,965.61
ES1XAHETUBHX,2022-07-05,CREDIT,121.1
7BZR0ZZV076E,2024-05-04,CREDIT,154.07
0UFT9BAMPVO2,2022-02-08,DEBIT,113.29
11A6C8WYNBZN,2022-06-06,CREDIT,715.98
P6V3PIO26S2E,2022-12-02,DEBIT,475.28
SCOW5Z5DUEU1,2023-07-15,CREDIT,885.66
DQ6DINKCWT2V,2023-10-17,DEBIT,36.34
K2700P5AO08R,2022-03-16,DEBIT,4.14
FKKMSX77O2HX,2022-10-11,CREDIT,473.82
M9PRWLJOG8GG,2022-05-20,CREDIT,659.04
SCF3JDAZ8GPS,2024-06-26,CREDIT,641.33
KOKZJ6F5QNIY,2023-01-22,DEBIT,500.11
5932AMBNRFWC,2023-09-24,CREDIT,658.47
RAD8ZBEGO51W,2024-02-12,CREDIT,904.05
WTSXV71RCSXJ,2024-08-13,CREDIT,994.11
DZSP7SJ1N4XN,2024-04-04,DEBIT,737.23
98EE33YV1BES,2024-01-04,CREDIT,43.93
ZEPO8QOWTJYA,2022-06-29,DEBIT,46.51
PIH9VFDPCOO3,2023-11-25,DEBIT,558.11
QKEGEPQTYT5B,2022-09-19,DEBIT,909.68
1SUMHKMB5TFI,2022-01-23,DEBIT,331.65
SHBKLL33EWIF,2023-06-24,DEBIT,640.75
DZBBY3HGN6I6,2024-07-08,CREDIT,902.0
VCJTVNVS7BOQ,2022-10-02,CREDIT,910.03
QG0QWFIQX46Z,2022-06-21,DEBIT,302.35
B0FEK81EJBL8,2023-02-20,DEBIT,754.4
23O7NWAZYXUG,2024-06-06,CREDIT,953.29
KBWYVISKVU4J,2024-02-19,DEBIT,166.39
IVSJ49CE4MP5,2023-10-27,CREDIT,158.41
ZVQKG90V47A4,2022-12-25,CREDIT,429.12
UZMTRS2F5AIG,2022-09-14,DEBIT,673.89
A20M180TQP7U,2022-07-03,CREDIT,783.58
0FTKA7E9LR2X,2024-07-07,CREDIT,853.1
UQ1Q16PLNUN4,2023-08-21,CREDIT,853.87
U919TCLM8J8W,2023-06-02,DEBIT,7.53
DXVPRSP0H061,2022-07-14,CREDIT,451.4
MKYPPUVRIVHF,2024-05-12,DEBIT,699.21
U7E58AZ47NA5,2023-06-02,DEBIT,857.23
OYDMXIB21KTK,2024-08-28,DEBIT,945.42
5V46X4RYDWYX,2022-07-04,CREDIT,983.97
51B46V3MEXC7,2023-09-06,DEBIT,993.28
4Y8XE2433OW4,2023-12-17,DEBIT,148.87
IL8JI2WVIFAO,2023-03-03,DEBIT,786.74
VPKSA45T1L5V,2022-06-29,DEBIT,958.94
HX8O88KQ24JA,2022-11-06,DEBIT,382.43
4VSF1126PWO2,2022-07-23,DEBIT,94.77
VBW5RO47G2ML,2023-02-15,CREDIT,505.52
3XRNN8W8IIJ3,2024-04-24,CREDIT,354.18
KVOSPEDM4GO6,2023-10-04,CREDIT,512.7
SSL6U4HDSULJ,2024-08-09,CREDIT,922.28
HPTVRYIBVN1O,2023-11-26,DEBIT,26.0
UAIPHQBEEI72,2024-09-26,DEBIT,289.62
AFFF3VYJSAGL,2023-03-21,CREDIT,945.28
CYFQPM4V2NQL,2023-12-10,DEBIT,825.37
2FHVJ9E6JYWI,2022-09-06,CREDIT,363.22
B6XM0OXVOFZH,2023-02-26,DEBIT,463.77
O1B2UE3ZDE5K,2024-07-05,CREDIT,729.55
FTH17S69L1TQ,2023-08-17,DEBIT,228.14
A7PK5YXT4F7S,2023-12-19,DEBIT,524.97
K7OJAJU9MAP2,2022-03-28,DEBIT,71.81
PBR9OU5RRV9M,2023-08-15,DEBIT,918.08
J2IY4FVES1SX,2023-10-12,DEBIT,968.89
UGY35FHDRANK,2024-01-08,CREDIT,197.12
1M13JTTA22EX,2023-04-18,DEBIT,939.87
I4S83FILSW18,2023-10-09,DEBIT,922.43
7AXBXF2AMYMF,2024-07-31,DEBIT,64.48
W6WL1N4PAEJZ,2023-06-19,CREDIT,885.4
JXTKDL9WZHJG,2022-04-23,CREDIT,535.88
F3DR6WFU2P7X,2022-11-29,CREDIT,157.29
FZ5E0BM9LBZR,2022-08-31,DEBIT,541.86
KAA2O32NEFT2,2024-03-10,DEBIT,852.06
MIGLJUSQH1L7,2024-05-15,CREDIT,289.19
YMCK1X56M7OR,2024-08-25,DEBIT,437.93
Z7PNOXES89AP,2022-08-21,CREDIT,13.45
ZQNB6Y47AOU6,2023-01-29,DEBIT,474.81
HOK2YY4E4I28,2022-06-02,DEBIT,140.99
Y8EADM1L1DRG,2022-01-02,CREDIT,730.73
XAOZZERMWLN9,2023-05-12,DEBIT,845.79
NCYVECS0WKG3,2022-03-13,CREDIT,778.19
37KOJ333KW20,2022-06-23,CREDIT,739.99
A9XU0J2EDJ02,2022-11-26,CREDIT,838.69
0S0YOORX2D1X,2023-06-05,CREDIT,124.0
HMZ5JS9DCS11,2024-07-26,DEBIT,444.49
ZRI2HJOQHBUO,2022-08-22,CREDIT,51.55
EJD2CIDM5EKI,2022-10-11,DEBIT,196.21
EBWY1Q7N6FIU,2023-02-22,CREDIT,213.76
BWTEDL9E77TS,2022-04-01,CREDIT,691.33
YBOYC6SEFLB8,2023-03-11,CREDIT,164.72
494JI48MKF8F,2022-01-15,DEBIT,838.02
8DOUHIASBK2E,2022-12-10,DEBIT,112.65
FC3DNGFKZWFR,2022-09-09,DEBIT,70.94
HEUMBUDCUE52,2024-09-23,CREDIT,483.15
RIHM67I4OGV4,2024-04-05,DEBIT,119.54
NXQKNG66Y97G,2023-10-03,CREDIT,879.86
I56KH6GP2S0N,2023-05-20,DEBIT,157.32
VSQKU1Q9UZ0W,2023-12-08,DEBIT,962.34
BNS3XGWFA1C8,2022-06-27,DEBIT,539.97
W2B41YN51AY2,2022-04-08,CREDIT,428.82
BEXVJ3ZESKHW,2023-08-07,CREDIT,978.18
9CCZKTWEZP6O,2023-12-01,CREDIT,287.47
3IKFEU5TOV1E,2022-04-12,CREDIT,383.35
Y2BEBAFB2Y4N,2022-04-14,CREDIT,565.92
VLJOJLL3Y86S,2022-07-30,CREDIT,881.7
ZBPY4D1LQD2T,2024-06-06,DEBIT,991.1
J1SZURF2YF8K,2024-04-17,CREDIT,150.5
6O1KRH5CVW52,2024-08-27,CREDIT,992.29
M79F9ZU6SOZF,2023-05-06,CREDIT,453.53
Y3PE0PMTMPUF,2022-06-11,CREDIT,871.5
I1P9ESDDQO6G,2022-09-14,DEBIT,135.85
CCIQXF458A50,2023-09-19,DEBIT,651.2
6SU507WDC41Z,2023-02-27,CREDIT,824.26
KBM4SG2EY79L,2022-09-04,DEBIT,703.22
G3BY49QCPE8X,2023-01-17,DEBIT,25.32
ER0GWTMMHX2X,2024-09-16,DEBIT,544.78
3UP1P6OU3HR7,2023-08-12,DEBIT,705.13
1J6U1WBLTD7Z,2023-04-03,DEBIT,126.14
JU0X9G5D81C3,2024-08-18,CREDIT,309.57
UO3T0H89HP8L,2023-05-26,CREDIT,141.0
W0QVKDQZE2CC,2022-04-19,DEBIT,948.81
3CPM00ZY7OYC,2023-12-21,CREDIT,494.48
T10KYH1Z294C,2023-02-17,CREDIT,295.2
07JW9Q3CU44F,2024-08-17,DEBIT,561.45
UZAQCYNN3QUH,2024-03-22,CREDIT,794.75
H9NCU59NV9CV,2023-01-21,CREDIT,116.58
6DZ0Z5D0KXKI,2022-12-25,CREDIT,301.63
YCRERO0HJY9M,2024-05-07,CREDIT,911.83
OZJBMLFU6RPZ,2022-06-27,CREDIT,663.01
NCI7LWIEP1VV,2023-09-20,CREDIT,874.34
XB0S6HK2ET6Q,2024-05-19,DEBIT,928.84
FIMAPBAYVJ48,2023-05-01,CREDIT,321.11
X93GUAZKJQD0,2022-12-31,DEBIT,68.56
85U0Z7HD3FI0,2024-08-19,CREDIT,962.09
OCWSPS5RGPZA,2024-09-08,DEBIT,420.06
F0MJKO0DWW55,2023-05-11,CREDIT,218.58
HN7AL6429MY4,2022-04-07,DEBIT,487.71
972CMD3IXD3T,2024-01-15,DEBIT,780.86
1W1MH6OBNV47,2023-10-08,DEBIT,425.97
G8WKHU1ODQ7D,2023-06-09,DEBIT,327.26
GA1TSLMLSSOI,2023-05-27,DEBIT,218.78
7T2M801WKRQQ,2023-11-25,CREDIT,662.04
OERIX96XBXE2,2022-03-08,CREDIT,562.25
5S5W4OL0U650,2023-10-21,CREDIT,184.78
BMAC6RR9DBSC,2022-11-01,DEBIT,555.68
NDMMKJ888J11,2024-05-14,DEBIT,736.62
8BNI51RRWLDD,2023-04-01,DEBIT,513.44
SAJX45I60TKO,2023-11-14,DEBIT,594.5
4DHN6TOVBOR2,2024-01-02,DEBIT,687.48
633T7DYCBBF8,2023-06-19,CREDIT,541.61
DL7G944AD3NY,2022-09-13,CREDIT,179.74
JALB5CTE6ICZ,2024-06-12,CREDIT,365.67
IF01QZUXCW6G,2022-05-25,CREDIT,865.96
JVWT8WB2ERZJ,2022-06-26,CREDIT,821.23
D3RDM17WY08L,2024-05-08,DEBIT,391.46
KR00CV5HXAJ1,2024-01-05,CREDIT,250.11
EM8HRI018E1N,2022-05-15,DEBIT,233.76
GOT5ILOU45R0,2022-07-29,CREDIT,82.88
1Y89JB86EJ31,2022-03-09,DEBIT,590.57
FLMQ6LJSYYEB,2024-04-29,CREDIT,756.85
TF8LHTB3QAVY,2024-02-10,DEBIT,418.95
0NQGFBKN1RD4,2023-11-06,DEBIT,615.01
X57NOTW5G2KA,2022-04-15,CREDIT,619.29
L8GGSJ73CVIU,2024-08-26,DEBIT,25.18
7TQLV0WW8DLR,2024-08-31,CREDIT,406.33
IG3SY66P298D,2023-10-25,DEBIT,125.91
2FBVA3XOTDHP,2023-07-20,DEBIT,106.58
15UDEVGHFJS1,2022-01-30,CREDIT,418.87
25E22L7L03O8,2024-06-02,CREDIT,273.58
EELVRF0G6DGM,2024-04-19,DEBIT,514.39
OVHI49YGUKDI,2022-12-15,DEBIT,49.54
8AR8HWIAV9TA,2022-01-03,CREDIT,213.92
SHQGUK3LGN9C,2023-02-09,DEBIT,144.54
BMS0B1TF26Q8,2024-01-08,DEBIT,712.91
R23T6IXDGRXC,2022-10-30,DEBIT,392.93
PMGWGN5F67ZS,2023-11-09,CREDIT,760.67
WRO5BGXELK0Q,2022-02-27,DEBIT,483.79
3N5UTDCH8KCP,2022-05-21,DEBIT,959.19
1USTH038SMZE,2022-06-01,CREDIT,769.78
XTYNFBUABNPX,2024-01-08,DEBIT,647.25
6PU4YTRG25UA,2023-07-10,CREDIT,609.52
VYNKC7WTIFO2,2024-01-03,CREDIT,118.49
WRFW5YS3OT6V,2022-11-19,DEBIT,494.25
JSUNUUOJ5OW7,2022-11-12,CREDIT,582.38
S5DXPD3KNSJR,2024-03-02,DEBIT,400.63
6L94T7FUCTTE,2022-08-05,DEBIT,307.25
XXMJNLFA4KCL,2023-04-26,DEBIT,238.53
7CI6HJFNB4MP,2023-03-13,CREDIT,30.67
Q25YNLCTSLBT,2023-03-24,CREDIT,501.31
QM2H0D7OMZCT,2022-09-09,CREDIT,388.16
1CZAQQBR5VWB,2024-03-21,CREDIT,967.7
1J8LXWO5AIKA,2022-10-17,CREDIT,531.67
T26TCXW4R9L9,2023-12-04,DEBIT,101.87
TIRUOO84HDD2,2023-04-06,CREDIT,556.28
U3AQEAKGE23J,2023-11-22,DEBIT,731.72
2CJUPOJB3QFY,2024-07-08,DEBIT,621.87
PJPC1GGIG8OY,2024-07-13,DEBIT,413.4
H3CDY3ZPHCY4,2022-05-20,CREDIT,731.68
FTQKJ1S1KVH7,2022-01-12,CREDIT,875.72
VA0Z8C8DMRXR,2022-02-22,CREDIT,956.55
DZCH8HTUZ7ZO,2022-06-17,CREDIT,491.26
DA615DSBC9EV,2024-04-03,DEBIT,552.91
JNFZU1EVBAP7,2022-03-11,CREDIT,943.98
UOEIGE81Y7B0,2024-04-11,CREDIT,303.02
40X7H1YPS31M,2022-10-29,DEBIT,709.69
G2L9ZD8TO6SY,2022-08-11,CREDIT,192.19
21DCVY6LU5NJ,2022-07-19,CREDIT,407.72
ALTH07069WS9,2024-05-09,CREDIT,797.71
CB9TIE5ME8J4,2023-03-15,CREDIT,763.03
B4W64HUS4F9G,2024-05-20,DEBIT,634.55
WWUB8XJ75DV3,2023-10-14,CREDIT,694.0
B9J7HK7UBXCR,2023-07-18,CREDIT,500.9
6AJHH41VWDZO,2022-09-26,DEBIT,465.36
JR8PD88XR22W,2022-11-11,CREDIT,725.37
58W7AXM0IR0I,2024-07-18,CREDIT,452.24
POKKJUL94A4E,2024-02-12,DEBIT,545.76
4Z3XM2V2N3WZ,2022-04-17,DEBIT,238.18
2NIDO062O296,2022-06-13,CREDIT,152.67
FOEYQVDW1DSS,2022-02-19,CREDIT,107.18
F8B0GWYH0WBB,2024-06-07,DEBIT,903.24
WKEGIZY140ZQ,2023-03-24,CREDIT,128.8
HJZ6OPEKGHHS,2023-09-07,DEBIT,15.01
WBMGINAWG7KT,2024-07-09,DEBIT,242.32
OIYRNOWP6I8O,2023-09-17,CREDIT,33.83
23H6BCQ7C9BN,2022-01-05,CREDIT,160.59
G9L3OQ36CT0L,2024-09-20,CREDIT,275.46
417CBPNOY8NT,2023-03-21,DEBIT,752.62
O4ZRQUR9U4LH,2023-03-05,DEBIT,42.69
RSNOBDT1K0SZ,2023-03-09,CREDIT,828.38
BK4OVJMK3UQA,2023-03-15,DEBIT,47.1
EAPL0ZR1F8R1,2023-10-04,CREDIT,490.43
26H0VJKOG86K,2024-05-07,CREDIT,540.6
XJBLSLO8ELAR,2022-01-12,CREDIT,631.88
7FQES0W3HQ5C,2022-01-20,CREDIT,723.22
W4GEGSRI4047,2024-08-14,DEBIT,91.79
VOIJ5H64MBMD,2023-07-17,CREDIT,305.97
9EZF1YBCYZ85,2023-10-17,DEBIT,704.36
HMWQ2GWC69QJ,2023-10-18,DEBIT,525.29
5UXJIY3O9498,2024-05-08,DEBIT,877.41
6A6VJNPPND8L,2023-12-26,CREDIT,591.03
V5O9JPQJ2Z1G,2024-09-14,DEBIT,849.16
TML4B28K2XAI,2023-03-08,CREDIT,828.32
LFVAIE34P31W,2024-03-04,CREDIT,990.4
Y9OJE22XK0AP,2023-08-06,DEBIT,307.9
FG33XH8T5596,2022-04-05,DEBIT,691.55
ZEB09YLH4JCS,2024-09-08,DEBIT,291.23
MSJLJ10F24RF,2024-09-20,DEBIT,691.53
2IECFROMU01W,2022-10-26,CREDIT,252.2
ASYR0RAGE7AD,2023-06-12,DEBIT,828.36
YX3FCLV17LUP,2022-01-15,CREDIT,714.53
BPG7QRV646PR,2024-08-18,CREDIT,931.23
F6UM5Z34YCOW,2023-09-14,DEBIT,877.11
17V6TS36WULQ,2023-06-19,DEBIT,842.64
QUDKOZXJ7A3Q,2024-04-08,CREDIT,425.19
AXC28ZRKWJ5M,2024-08-08,DEBIT,700.56
Z0KNHG6EG1Z9,2023-11-25,CREDIT,937.46
02DMIHZU7V5D,2024-02-26,DEBIT,14.48
NLUQ67ABGEYV,2022-06-20,DEBIT,121.44
T9JYBZSVABCG,2023-05-02,DEBIT,951.27
GSM0F6F95SGF,2024-03-18,CREDIT,692.6
RUVCX30D146S,2023-01-11,DEBIT,453.14
AVN443GO9283,2022-02-01,DEBIT,757.03
IVCDD74DB2D6,2022-01-03,DEBIT,596.09
A5CE8HD2M4DE,2022-12-06,DEBIT,949.0
1BVTJMKVCWIS,2022-07-20,CREDIT,523.53
92EFEUDU6MWG,2022-08-07,DEBIT,770.07
ZW1H6YLOIE3O,2024-04-17,DEBIT,243.41
SCU38X2G22XB,2022-02-06,CREDIT,666.92
CXBFMBSHZ1SY,2023-08-25,CREDIT,286.96
DMIZEWFPPFLQ,2024-06-28,DEBIT,10.89
3PDVOOGKOXEK,2024-03-31,DEBIT,367.45
SZKOR8C3LBE3,2024-09-27,DEBIT,251.15
4UYON2CAMDW5,2023-01-06,DEBIT,27.38
5VEZH3AINM8O,2023-01-04,DEBIT,824.72
0YZV2CJJUWFV,2023-03-30,DEBIT,673.85
FSFJRCA5BINF,2022-03-02,DEBIT,748.25
KLRGMVE5J8MI,2024-03-09,DEBIT,471.51
S7RU8REB102H,2023-09-09,CREDIT,779.81
RJ4NVBNSDV4U,2022-08-31,CREDIT,490.75
FXSE8654R3P7,2024-01-02,CREDIT,646.11
93LL8HJ8N4ZS,2024-08-13,DEBIT,217.76
WVQ5E6K5Q0VD,2022-12-27,CREDIT,632.52
1SD7BAQFSUG9,2024-08-25,CREDIT,108.56
605QLJGSSLMI,2023-01-20,CREDIT,748.3
8FENROV44YWO,2022-11-21,CREDIT,712.23
552TV3NM9RBD,2024-04-21,DEBIT,533.49
Z0V0Z1L9PRV9,2022-01-29,CREDIT,189.19
YL1NBJJPLHXH,2022-01-07,CREDIT,731.31
V98MFW5Z496H,2022-12-03,DEBIT,345.41
EKYSQ1L5MNYT,2023-09-06,DEBIT,293.94
L228R90WNZPS,2022-07-13,CREDIT,111.21
5DXZI89FZ17Z,2022-01-18,DEBIT,975.97
AQNJFR75HFH0,2022-04-10,CREDIT,817.32
IAN6XWE0TFFM,2023-08-07,DEBIT,978.68
26GFAH0APXJ5,2022-08-06,DEBIT,840.79
L09TQ8LP44WV,2024-07-02,DEBIT,300.87
VDA1EYS4ITTI,2024-07-30,DEBIT,404.56
QMRA9I4P6RJX,2022-04-20,DEBIT,437.22
874NO56917F5,2022-12-04,CREDIT,699.62
27QQIP1NF8X8,2022-09-17,DEBIT,162.06
ZKW24JQONPTS,2023-04-06,CREDIT,444.53
NV5ET0HSGC30,2024-03-17,DEBIT,183.65
ZAPOKEZQ05GH,2023-02-08,DEBIT,414.52
XMZ35XCYTALQ,2022-03-08,CREDIT,784.33
TX53FGA5A2GR,2024-06-17,CREDIT,430.98
QGPPMNSKFRA5,2023-11-24,CREDIT,735.06
IYWW2CE19GVF,2022-09-03,DEBIT,327.37
93BLNC40A2E3,2024-09-01,DEBIT,658.15
2QTVUWY49F7E,2023-05-19,DEBIT,602.71
B04C2WH9BM51,2022-04-20,DEBIT,650.81
50XX9GGKGAW8,2023-09-13,DEBIT,875.29
3V029YKXBZQZ,2023-10-14,DEBIT,371.33
S6406OK1FO9S,2024-03-17,DEBIT,103.82
F4E2HZKU7X53,2024-01-12,DEBIT,382.86
U62TOS7H46DM,2022-05-09,DEBIT,245.56
W6N3SSLNOW0Z,2024-03-28,CREDIT,494.21
4DP28G3DR9EV,2024-02-23,DEBIT,103.33
6IEOMDD8CA5W,2022-01-09,DEBIT,531.71
Q1GTUD7B9YIO,2023-08-12,DEBIT,238.87
FCZPJCS8YD8H,2022-02-08,CREDIT,616.63
P29N1AI880BF,2024-09-23,CREDIT,421.2
5W0PZJNPEJSL,2023-10-12,DEBIT,514.68
B0TOFNGEU4ML,2022-11-30,CREDIT,12.67
3WTLMG7CN9LD,2023-09-10,CREDIT,676.7
HK50DA55I7JC,2024-05-27,CREDIT,334.07
HSCTN8KYYYD5,2023-11-03,CREDIT,699.37
MJSP4K9WRFE5,2022-02-15,CREDIT,654.54
OZPCKEFLAIP2,2024-02-13,DEBIT,829.65
6OBJ6PEPVEFG,2022-01-22,DEBIT,277.82
0Z7IM7PAKUIR,2022-03-29,CREDIT,73.86
TG4F1Q80LXG0,2023-06-08,DEBIT,198.65
608ZAF0E42ZL,2022-11-30,CREDIT,268.08
R9PHUL4HIWHX,2023-08-01,DEBIT,521.48
4Q80GVAP1GLQ,2024-03-11,CREDIT,371.71
R4D89RK761OT,2023-02-27,DEBIT,723.09
H3DHGQCK28E0,2023-03-18,DEBIT,5.48
66U971SYVYLA,2023-03-01,DEBIT,26.21
P8Y9IQ7E746T,2023-05-03,DEBIT,783.96
P9CT8P9QN0VD,2024-05-28,CREDIT,695.23
5J6BJO1QTCOI,2023-04-25,DEBIT,464.55
3ITQKOEJPFQH,2023-12-01,DEBIT,396.38
6E522FP8QHV4,2023-10-01,DEBIT,723.86
42IW26GFDMJM,2022-10-19,CREDIT,292.57
ZKK2E1A29DXY,2022-04-29,DEBIT,449.46
W9DPJ9LS9KWH,2024-01-25,DEBIT,33.75
J4G0GR2MVSM7,2023-01-17,CREDIT,384.34
FF6MG0963AW0,2023-12-18,CREDIT,20.33
GHE14K3Z3QI3,2024-06-20,DEBIT,733.64
6Z1KIYEPMAFN,2023-03-26,DEBIT,346.21
17RZL44WEGS2,2022-07-18,DEBIT,748.73
1NNZGOB75FHJ,2024-07-20,DEBIT,606.67
IG2UM7KU4M7I,2022-12-14,CREDIT,438.1
XMIBY661CDL1,2022-07-30,CREDIT,366.02
WA4FX6OTJOFB,2024-05-10,DEBIT,130.73
LJ5UFRJ2JEDF,2024-09-16,DEBIT,763.49
HIBV4CU39RMD,2023-08-15,CREDIT,93.68
58HXJP93HPUW,2022-05-03,DEBIT,569.39
JZ3IVMZPX73D,2022-09-29,CREDIT,822.37
E70NJ1ZVOS7L,2023-09-05,DEBIT,502.55
M1YDRCBP0H5Q,2024-09-03,CREDIT,619.1
1ZAB0WUDUZJO,2023-06-05,DEBIT,338.04
XZ5485F5SRFP,2023-11-16,DEBIT,147.0
IJHCXX9Q6WI9,2023-12-06,DEBIT,965.1
QWVO82VF10QD,2022-10-02,DEBIT,249.18
Z4UUI4THUE2I,2022-05-06,CREDIT,963.19
DZSSC99GVQ50,2024-08-05,CREDIT,806.8
3JX0IC5BGTMR,2022-11-02,CREDIT,998.9
7RSAJHNORXWF,2023-12-27,CREDIT,440.09
PZW9BGK9J691,2023-08-08,DEBIT,814.15
77B5HT0C2YOZ,2022-06-10,CREDIT,979.89
NS77QSZR585S,2022-03-27,CREDIT,594.15
VUDPA5PSFO3G,2022-12-10,CREDIT,37.78
I369RAJCXUYI,2022-09-19,DEBIT,38.51
GF231C560TNX,2024-08-09,CREDIT,531.42
XD9OPGDTBF4H,2024-07-24,DEBIT,41.47
DZG8GHH0NPCB,2023-04-25,DEBIT,89.28
H2MDFZR72IQD,2022-04-29,DEBIT,558.01
VJOYEPRYQ0C7,2023-08-05,CREDIT,667.49
6P2TRLK98RIG,2022-08-14,CREDIT,771.76
FVLOXR5HQYI2,2023-11-30,DEBIT,321.63
4UDX7TDRCX7O,2022-07-02,CREDIT,823.45
51PB3FHIXYMB,2022-11-09,CREDIT,960.54
GG76MEVBC6AC,2023-10-14,CREDIT,433.47
TF766QAGE6XQ,2022-06-24,CREDIT,596.77
SV2OCLOBZCRA,2024-04-03,CREDIT,678.5
G5I0CKK6MTBF,2024-04-21,DEBIT,63.5
VNUAVUF9KTVG,2023-10-28,DEBIT,990.49
QWQBGJWA9XM5,2024-03-28,CREDIT,679.86
H1X6OMISXAHI,2023-02-13,CREDIT,118.99
UEMZSZGOQQET,2024-09-18,CREDIT,439.62
M6J5PXKCP0I6,2022-03-01,CREDIT,507.38
EEDRMOSP0IEC,2022-02-14,CREDIT,273.42
4S15WUGMR7IQ,2024-04-06,CREDIT,331.35
NEWU9DNWY24G,2022-08-10,CREDIT,418.16
EN9B38B484Y8,2024-09-30,CREDIT,352.44
HX0WWA7R4EBC,2024-08-17,CREDIT,268.82
G1TXOISKTUVN,2023-09-01,CREDIT,847.57
4M7U6HVVC0BI,2022-04-07,CREDIT,415.71
DAUIXH8UDYNA,2024-01-26,DEBIT,555.78
ZMFVFQ9P81T8,2024-02-03,DEBIT,768.46
9G0CMK4Y7Z53,2023-08-05,CREDIT,431.36
XX69U7KWY8CG,2022-01-07,CREDIT,946.68
3AD1BM2UUJTW,2022-01-19,CREDIT,227.91
00NBTDYL889T,2022-06-01,DEBIT,534.67
SHZKO2FUP0RH,2023-08-13,CREDIT,470.0
CIHCRC9SV1S7,2022-03-15,DEBIT,951.39
H2U2HOY0TIO9,2023-07-02,DEBIT,903.15
XDJ3ZEH2KEMR,2023-08-05,DEBIT,60.98
MUSP6O6N5YUO,2023-03-03,DEBIT,374.6
O3LB2J572952,2022-01-09,DEBIT,789.57
XTV3SAY1VOZ3,2022-01-13,CREDIT,590.9
VT2TUY3XJHMV,2023-06-14,CREDIT,345.33
4JGL18NUWTA7,2022-04-17,DEBIT,410.45
P746E1BZMC3C,2024-07-30,CREDIT,984.2
FA0K5V3XZRGL,2022-08-30,DEBIT,584.1
R84BRY5HT3RS,2024-08-06,CREDIT,804.28
QKN5PTHOK15B,2024-08-17,CREDIT,859.97
105ALP40DIW6,2024-02-22,CREDIT,710.48
M2MHOALP9ZRH,2023-07-14,DEBIT,906.58
GQ42ZZF5NR26,2024-02-12,DEBIT,183.05
XTGYB59O5HXI,2022-12-02,DEBIT,240.06
IU5HFZEATA8E,2023-02-03,CREDIT,162.44
UF43JVZVTH4A,2023-08-05,CREDIT,717.77
OQZON62JXGGC,2023-08-23,CREDIT,983.02
DSUHXSJ8QLZP,2023-12-12,DEBIT,602.56
05579FL7ZAUP,2024-04-25,CREDIT,851.88
MFY1HIACDFGI,2024-09-25,DEBIT,776.42
3JX36I7IQUSX,2022-06-05,DEBIT,135.8
K871J0B2EHUS,2022-03-08,DEBIT,113.35
I59O3MSFFKY5,2024-05-25,DEBIT,58.34
NXVZTBACUUUF,2022-06-21,CREDIT,301.56
WREABYOZ3ARP,2022-05-31,DEBIT,439.07
UB1W55OGSPDU,2024-05-04,CREDIT,359.54
Q1YW81CCCULI,2022-09-21,CREDIT,712.87
4IWXU92Z723H,2023-10-27,DEBIT,595.24
RLF5I5I6SIV0,2022-09-03,DEBIT,449.68
PXC7IB0K8UED,2023-02-09,DEBIT,220.87
R7I3G1F5E21P,2023-04-02,DEBIT,744.17
UB8K3YDCF4OE,2023-05-27,CREDIT,286.56
ICND6GDLGU4D,2023-03-27,DEBIT,890.23
QV2XQT5DPV40,2022-11-09,DEBIT,898.85
5EO0HUOLFOGG,2024-06-28,DEBIT,679.35
BHLLDJXCGSVP,2022-08-17,CREDIT,797.28
KPYZ1LXD8R7L,2024-04-07,DEBIT,476.9
AAUAQ02BYFO0,2023-06-12,CREDIT,823.96
5MEG6FTMNE9M,2022-04-14,DEBIT,574.7
IFIMT8R73F2M,2022-01-02,CREDIT,894.21
0KQB7VWWK6WJ,2023-03-04,CREDIT,447.75
X2WBYGFKYFER,2024-05-29,CREDIT,296.86
JPKZ9HMB6N3Q,2023-08-26,CREDIT,825.93
CHUEPLOMYDP2,2022-12-10,CREDIT,863.19
7CMAA2ZPVJJ0,2022-05-29,CREDIT,219.12
ZG2YTBVONN3V,2024-01-22,CREDIT,629.84
HOXWMV528RK3,2022-08-20,DEBIT,635.37
I8IQIN1MCKPX,2022-03-02,DEBIT,799.54
H6RAMJ3XXUVD,2024-03-15,DEBIT,670.76
59649U39Z00K,2022-12-18,CREDIT,252.72
OCPXB07IZCXF,2024-08-26,DEBIT,533.49
QFD7ANFF2DBE,2022-12-04,CREDIT,947.61
CD3A23FY1DY3,2023-10-02,DEBIT,752.86
B9E795TYRVVP,2024-07-14,DEBIT,241.01
ZOEBHKJMWBBN,2024-02-20,CREDIT,963.77
B3ZRWVZ07A7E,2023-07-03,CREDIT,204.66
J7FK14UJZG81,2024-01-26,CREDIT,245.83
288ND81MXWIU,2022-03-18,DEBIT,138.51
RAWXPZ1PJ1UT,2023-05-16,DEBIT,344.36
0J1ANAV75CPE,2024-08-19,CREDIT,165.57
0KNORV314WHB,2023-02-13,DEBIT,871.91
8QP6JT0CB4U9,2023-03-04,CREDIT,552.0
OWIMP0Q6T9P1,2022-08-14,CREDIT,344.1
4QFIXQZK6VI4,2023-10-03,CREDIT,174.28
8MXUWBKGJV7S,2023-12-25,CREDIT,396.68
NANSHEV5WFIB,2024-06-29,DEBIT,739.62
6LYLC12ALWLT,2023-03-20,DEBIT,985.77
39029PZI0UYL,2023-05-21,CREDIT,700.02
XIN5YCNQI9Y7,2024-01-12,DEBIT,659.54
ROBZQ6ORMNWW,2023-06-26,DEBIT,260.61
CZR2GERQCPQC,2022-12-31,CREDIT,743.7
1OXKNUQT7YX3,2023-02-24,DEBIT,301.07
2Z17BBRQABGV,2023-08-31,CREDIT,627.55
8BZGLY6ZEIOE,2023-08-27,CREDIT,394.81
OWHENX8N6FYT,2022-01-09,DEBIT,766.78
YN0MSM9F4YFX,2023-02-20,DEBIT,805.85
6FPF5KPS35QM,2023-07-03,CREDIT,766.84
7PO6VH6BCGF4,2022-11-29,DEBIT,678.33
TGUOJR29O0QN,2023-08-23,DEBIT,250.69
8BIQS5DF0GHA,2024-01-09,CREDIT,4.63
2RGULGTMXA19,2022-10-06,CREDIT,369.18
UQ0DII6NS7ER,2024-09-23,CREDIT,393.03
797VE07V8S24,2023-04-17,CREDIT,964.41
0YUDZF38K3X0,2022-09-03,DEBIT,243.17
M9S7ZORWU2AB,2023-11-28,DEBIT,972.07
8LUJ7MS2194Z,2023-05-12,CREDIT,25.93
PJ6JYM0OH7WC,2024-02-22,DEBIT,420.68
RYOP937NHN1D,2023-03-09,CREDIT,205.78
WFGPA9DVQVR2,2024-02-10,DEBIT,513.41
2CAM5CMDFHZK,2023-07-02,DEBIT,211.58
I8QJXK90KBVQ,2023-06-10,DEBIT,692.57
R21M6DM50EDM,2022-06-25,DEBIT,601.26
I3DBMCCYTWVO,2022-10-11,DEBIT,755.72
AB7TXAAP8SN5,2022-03-03,DEBIT,113.25
Q7ODYRBY3IXL,2023-02-01,CREDIT,751.35
CL5AAHWMGAQ0,2022-07-26,CREDIT,309.04
ZVW9D44MFXOU,2024-01-26,DEBIT,67.74
GSSLI31Z827S,2022-07-02,CREDIT,320.51
ZJYY5FBQJFF7,2022-08-24,CREDIT,152.14
FQIAV3SGNWZN,2022-01-06,CREDIT,581.25
HD9GIFZHRRAE,2023-10-10,DEBIT,574.88
K9GSF3D4NRMN,2023-01-12,CREDIT,796.33
9GF5FLTEVVK8,2022-06-26,DEBIT,149.36
L8DQC2P6XD5O,2022-03-30,CREDIT,300.64
T512CI4YUNP6,2023-11-20,DEBIT,628.56
24OSCAFDT301,2022-11-03,DEBIT,144.74
CCDKM07LK0HU,2024-09-16,DEBIT,23.38
IK87RPNGF07D,2023-03-10,DEBIT,830.01
FDCA2G7B2ULL,2023-09-22,DEBIT,8.27
41FBPRE9H0Q5,2022-02-11,CREDIT,781.28
C1PE122F0DXY,2024-08-16,CREDIT,684.89
9WQF5OLB50RW,2024-06-22,DEBIT,848.83
IAKJBDKZZ37Z,2022-12-17,CREDIT,723.61
5BZKB3VJZSQD,2024-07-09,DEBIT,287.69
GWJIQ1FLD1Q9,2024-07-22,CREDIT,909.1
CGFRY6S1479I,2024-07-06,CREDIT,817.37
F1SAAW5Q7ID1,2024-02-24,CREDIT,985.79
4YVSTV1F5O59,2024-09-18,CREDIT,176.49
4DR77I1QE203,2023-05-28,CREDIT,425.15
9CU9ALDLZMLK,2022-07-05,CREDIT,330.02
6L6BCULF22JH,2024-06-01,DEBIT,389.36
YNV56DOVBDTY,2023-10-08,DEBIT,429.46
C0HLTTV1LRCM,2024-01-20,DEBIT,170.63
2PCL0JXNR0E3,2024-05-10,CREDIT,620.37
GNGU0HRQWXS9,2022-07-04,DEBIT,726.03
15F273ND5PXT,2023-08-26,CREDIT,224.37
4V4TNIWJK7BF,2024-09-11,CREDIT,716.48
Q758A4FTFL4A,2024-03-14,DEBIT,133.62
41QF75FLI5O1,2024-03-14,DEBIT,192.93
ZJEHKK7FL28B,2024-06-08,DEBIT,197.3
AIYP4P4K9N4D,2023-07-14,CREDIT,636.44
KEBAURZLGCD0,2024-09-08,CREDIT,327.08
X1834XQCMGR6,2024-09-02,CREDIT,705.32
DNCOCLE5CKEZ,2022-10-11,DEBIT,912.37
TR77SX5LOPM1,2022-11-20,DEBIT,377.53
7MMPFBLVSAL5,2022-02-11,CREDIT,528.1
7H295O7K36O6,2022-12-11,DEBIT,237.74
35A18S7XHIO0,2023-07-31,DEBIT,812.51
H5IP33T18UKG,2023-06-06,CREDIT,226.8
UEXS1AYYMB8D,2023-06-19,DEBIT,669.29
LQRYQY66SE9R,2022-09-08,CREDIT,880.68
HOEX16UAZZKR,2022-01-02,CREDIT,524.45
HL1OJFNT87U8,2022-11-26,CREDIT,971.36
YSHP583OGCRV,2023-03-06,CREDIT,750.7
VN7DT7VCTJF4,2024-07-05,CREDIT,648.37
9LAG9W4J2TPM,2023-12-08,CREDIT,520.17
X9TFLNU9EUOQ,2024-09-25,CREDIT,309.06
HZJO5LM4U4ZI,2023-05-13,DEBIT,939.45
SMWD4LJZA9KS,2023-06-21,CREDIT,157.11
Y0PV15LZ4Q72,2023-01-26,CREDIT,687.57
LXN87QS7H8M4,2023-07-11,DEBIT,281.45
USQOR7MQLLE3,2022-07-18,DEBIT,142.4
61U2KPJDIKPS,2022-01-09,CREDIT,816.79
KE5JGLW3CSEM,2023-08-19,DEBIT,464.67
XLXTBZPNABET,2023-07-04,CREDIT,641.12
QVOWFEZ9LNMX,2024-04-11,CREDIT,479.31
NTJ4LZVFS3QY,2024-06-06,DEBIT,815.1
8U9YIPBPFJMN,2023-10-11,DEBIT,513.31
Y7PIOZN090Z6,2023-04-07,DEBIT,6.58
QRHU4987RKZ5,2022-05-18,CREDIT,704.52
ZZGJ821U23I1,2024-09-24,DEBIT,319.79
BONDKOIKF373,2023-09-14,DEBIT,656.7
PK60PMHAWHLR,2023-06-27,DEBIT,226.59
WOUY7R88K1KN,2022-02-09,CREDIT,415.79
QCFU9X7AVDKY,2024-03-17,DEBIT,394.81
D7PGIRAGAYE0,2024-05-06,CREDIT,601.16
JBG5O5URWP56,2024-04-10,DEBIT,506.56
NANIZA2TYGKQ,2022-10-04,CREDIT,200.4
PNE9GNOVBTAW,2023-01-14,DEBIT,392.1
EDSK6ZCR1REM,2024-07-17,CREDIT,4.15
NKDADH69VAKH,2024-04-13,CREDIT,872.76
XS9RUSD3V88O,2023-06-09,DEBIT,875.39
MD4QTKA9P3J0,2022-11-28,CREDIT,423.09
M3XYTZDL5H80,2023-01-27,DEBIT,60.84
YIV62SINPJ5N,2023-09-23,CREDIT,446.99
0TKWD61WKFCH,2024-01-15,CREDIT,400.96
KCTEXODTBQM7,2022-06-20,DEBIT,755.09
YVZ3501J0KG0,2022-12-24,CREDIT,787.13
SOG8WCP2THY0,2023-08-19,DEBIT,331.68
NNBQM4QA7NCU,2023-05-22,DEBIT,770.34
NVJUJ5W9YTKT,2022-12-07,CREDIT,289.46
TTZJZLIRL17I,2024-03-08,CREDIT,568.78
I0379TDSXHTP,2023-08-11,DEBIT,369.22
C0FM5ZXPWBHA,2022-02-07,CREDIT,755.48
LJWR8QAX4RVK,2023-10-23,DEBIT,974.3
Y29B59AL8WOD,2023-06-26,DEBIT,238.0
QLXHZND7SBT8,2022-04-22,DEBIT,942.68
E307917CS62F,2023-02-09,CREDIT,765.1
R9LAVJQAGOPE,2024-09-16,DEBIT,454.32
GXL0LL4BN53U,2022-10-20,DEBIT,556.31
SEQ8HGPB77T5,2022-08-25,CREDIT,716.82
1LUL31NB3BY4,2023-11-23,DEBIT,149.39
U1YDY03NC4SS,2023-10-11,DEBIT,876.04
OT5Y2SJJHDN3,2024-04-19,CREDIT,760.06
EDZPBVHG5D5H,2024-03-07,CREDIT,404.33
69OOCN9ATG9B,2022-04-16,CREDIT,614.56
015IRU9VNAOE,2022-03-14,DEBIT,298.05
EPAUZH1ZL1KQ,2024-07-20,DEBIT,181.77
JCRJ1K2ZKGBP,2022-11-11,DEBIT,508.77
8LTSAQF7VZRU,2023-04-08,DEBIT,858.03
4666CCTJVZWQ,2024-04-26,DEBIT,682.99
1HJY6UI5NIHN,2022-09-30,DEBIT,6.84
3K898AR0NE6I,2024-01-04,DEBIT,846.99
ZGG9JSJ2BGDW,2024-03-24,DEBIT,642.05
K1XSZ77O5KNY,2023-10-10,DEBIT,327.32
RPQ9D5VA4HKK,2023-01-15,CREDIT,798.4
RX4KC1CPY3U6,2022-05-29,CREDIT,344.51
5AIRPSE809G7,2023-12-16,CREDIT,702.96
115QRB9PNYGB,2024-04-26,CREDIT,916.61
F9OF0XKJJ49P,2023-07-21,DEBIT,702.39
ZPVVQN0GO3Y8,2023-03-25,CREDIT,185.04
8TAFRFUOV4Y5,2022-05-04,CREDIT,444.08
MKL8ZRKK0ZC5,2023-09-09,CREDIT,618.08
V7OO9PLTFSU8,2022-08-16,DEBIT,700.54
TYQ87VJ3UYKF,2022-09-14,CREDIT,581.32
032TOVH8H6IP,2023-08-15,DEBIT,398.29
XL0B762QISP8,2024-07-24,CREDIT,997.11
72Y0L09N18O8,2022-12-02,DEBIT,579.64
PVLFT76XT3GM,2022-09-18,DEBIT,488.49
A7USUVFIBIY2,2022-12-16,DEBIT,831.27
X7WOG820WVH8,2022-01-29,DEBIT,608.95
7BY841THD50C,2022-08-06,DEBIT,796.33
V1MPHAND0GVE,2023-08-11,CREDIT,222.74
7WHE6WZZGQZD,2022-10-20,DEBIT,429.38
8P58Y6L1KYQB,2023-08-10,DEBIT,937.14
VQS6PQGZXRL9,2023-04-08,DEBIT,132.83
S3TRSCXF2Z3Z,2023-12-12,DEBIT,557.55
R26UY6N3TRZ6,2022-06-29,CREDIT,377.63
HE83O7E0VS9V,2024-08-26,DEBIT,68.52
YQTUTTOJFWP3,2022-10-03,DEBIT,682.95
66AN25TXKLA8,2022-11-20,CREDIT,306.42
79DN7V0P923P,2022-02-12,CREDIT,908.64
DLY09D9YNQ4V,2024-06-07,CREDIT,199.05
SN4K1AF3S1CS,2023-01-17,CREDIT,179.83
T66RGYVYM3MW,2022-11-26,CREDIT,306.23
HSLT1ZWGVT1J,2024-02-12,DEBIT,914.0
430M3WRNGXBF,2023-12-06,CREDIT,372.59
C9BGAH7MVRKT,2024-07-11,CREDIT,107.77
POJXIDNFG3GX,2024-06-19,CREDIT,664.53
QOLR1H1SF035,2022-05-27,DEBIT,789.59
ZG9C52DRHXCN,2023-07-14,DEBIT,169.58
C211QL9A1ITO,2024-08-15,CREDIT,452.65
6PLKYM412GWX,2022-09-22,CREDIT,494.91
TUAH27KVNIW0,2022-11-17,CREDIT,486.03
VY2BQTVW7CG1,2023-02-28,CREDIT,362.9
2Y3P8ZOMP73B,2023-12-02,CREDIT,645.42
W2906GH62MV2,2022-03-23,DEBIT,796.73
RMXUWBKHB9GI,2022-05-21,DEBIT,287.87
0PJP9MUMO5HX,2023-07-19,CREDIT,730.66
IYR7RQI80U12,2024-03-05,CREDIT,30.06
ENGS588D7JGU,2023-05-19,DEBIT,613.8
F1WK8TJ400SJ,2023-12-09,CREDIT,826.35
JPUFKQFA873Z,2024-08-29,CREDIT,250.42
4R6FM25ILW0N,2024-01-22,CREDIT,156.89
D7F4XA9MJHE5,2023-01-15,DEBIT,231.34
OFB3PRBOGBO0,2024-05-01,CREDIT,564.14
O4SK5JRZ5S71,2023-05-13,DEBIT,621.28
LJYFU6ROOYHL,2023-04-07,DEBIT,902.56
7066TUKZOCS9,2024-07-29,DEBIT,155.73
CL7OBADXZBT6,2022-12-12,CREDIT,852.73
6L18CZIL9EAY,2024-04-17,CREDIT,74.83
W4TALZLQFG2Z,2023-05-16,DEBIT,543.25
841FHSSQE5A9,2023-10-31,CREDIT,907.26
LQI3979YN5IW,2022-04-18,DEBIT,65.33
GAKBF2TSD0FZ,2023-11-27,CREDIT,434.6
06N3ZXG6R5DM,2022-07-10,CREDIT,570.73
BU4K2K63N1NQ,2022-10-15,DEBIT,847.87
KPXA5X0ADE7A,2024-08-18,CREDIT,71.16
GMIN7O5D4NJX,2024-09-17,DEBIT,988.86
2SY1WZNNJZ2D,2022-10-16,CREDIT,715.63
0WXPC939IJ7E,2022-02-01,DEBIT,633.03
NK6Y268C1EPT,2023-02-10,CREDIT,256.99
I6AUKZTY2MLK,2023-01-01,DEBIT,952.08
HVWGB84UYRZK,2022-08-08,CREDIT,387.27
7C2161A5ED2I,2024-05-24,CREDIT,600.08
4DGGDQGWJ1VM,2023-09-27,CREDIT,554.51
OVFUO27ZEY2J,2022-11-19,CREDIT,450.12
903GILRVMWQN,2022-09-27,DEBIT,266.36
HPB8IY2AHJ38,2024-04-24,CREDIT,955.13
7XY0HS0Q8X3X,2024-06-06,CREDIT,906.04
CQ6N3INKCHR7,2023-09-14,DEBIT,780.32
MMSWWYZ8AIPO,2023-12-09,CREDIT,367.66
KWU1T5MBB4W1,2022-09-14,DEBIT,161.39
Z8N173049H0O,2022-07-09,DEBIT,24.72
FSSBET6F0BRW,2024-06-25,DEBIT,4.79
3RXNT7XVK7XW,2023-05-22,CREDIT,739.53
V3ULZN5MA5QZ,2023-07-27,CREDIT,840.51
97FEWKC5IDN9,2024-05-07,CREDIT,288.15
GXN8OSFHXSCD,2023-03-28,CREDIT,257.37
MIVAZESRFTIC,2024-02-23,CREDIT,58.15
MR501GZVIAY8,2024-01-26,DEBIT,794.97
47GBWVE07GR1,2024-06-05,CREDIT,145.95
X14KZ9RYGOFT,2023-03-09,CREDIT,883.67
GB1S1SPLORCG,2023-12-19,CREDIT,717.52
U9IECYMMUFTA,2023-05-15,CREDIT,261.56
O0J7S8UZUU2Z,2022-09-05,CREDIT,598.31
2OOXTYNEEWKL,2022-06-05,CREDIT,815.24
6WETCS8BM5PU,2022-10-26,CREDIT,947.12
KMUT640I9CCM,2023-02-23,DEBIT,990.68
5CN1O83P1CTA,2024-08-11,DEBIT,506.81
T5FGFAHQKWMU,2022-07-29,DEBIT,649.3
XZW34IEPFS2E,2022-02-26,DEBIT,703.89
8DTZZ7Q5OYPC,2022-10-09,CREDIT,174.97
HD72GYBF773X,2022-09-07,DEBIT,364.45
QIHHAD50DW72,2024-07-19,CREDIT,617.94
1ESXOPZY6HXT,2022-08-03,CREDIT,24.54
U6P54F6GTTL4,2022-04-01,DEBIT,812.13
TZ0XGCXSYRAL,2024-09-12,CREDIT,688.49
OWELY1B96VR3,2022-12-31,CREDIT,541.33
QAXTZ1LBBCZW,2022-09-29,CREDIT,133.32
X92WF45XG1Z2,2023-11-14,CREDIT,873.87
607JLW2PIP8W,2022-03-11,DEBIT,865.74
IKIFGW7UQNQH,2022-04-24,DEBIT,855.62
PP7XOKEOUPBA,2024-07-08,CREDIT,547.54
60HFZ5VEOM8N,2023-04-20,DEBIT,80.0
YWEKM0U5XUUW,2023-04-26,DEBIT,336.45
2WJSTNAQHCAC,2022-04-16,DEBIT,743.87
UX1YURI6VSNA,2024-05-14,DEBIT,45.3
FQBJSYAXBFPT,2024-08-17,CREDIT,589.11
TRYNI43EA5HM,2022-10-06,CREDIT,320.21
BLZ358QU1UNA,2024-09-09,DEBIT,504.84
FDKKWRD385X8,2024-02-07,CREDIT,785.98
QRSKWIFV2ZX1,2024-03-04,CREDIT,963.36
1YYASRWH6NYD,2024-01-28,DEBIT,842.59
LJZDQTFTD1SQ,2022-04-03,CREDIT,225.03
RV66V60NZ043,2023-05-18,DEBIT,548.71
WYDA2U9UXQCP,2022-02-10,DEBIT,985.72
AWPLAQJY4IT1,2024-01-31,DEBIT,715.28
LILSVLV9IBK5,2024-02-02,DEBIT,647.28
0MZCN7CVWA9M,2023-02-25,DEBIT,179.94
WV8FE6TOI6WE,2022-04-18,CREDIT,511.56
KMX8I74530TE,2023-05-15,CREDIT,25.17
