customer_id,name,country
1,David Coleman,Eritrea
2,Brittany Sharp DVM,Faroe Islands
3,Michael Evans,Vietnam
4,Sara Camacho,Seychelles
5,Elizabeth Wong,Panama
6,Mr. David Kemp,Wallis and Futuna
7,Erin Crawford,Nicaragua
8,Donna Bryant,USA
9,Valerie Higgins,Canada
10,Anna Taylor,Lesotho
11,Stephanie Williams,South Africa
12,Francisco Cardenas,Costa Rica
13,Brent Welch V,Seychelles
14,Jack Cline,Holy See (Vatican City State)
15,Michael Duarte,Syrian Arab Republic
16,Morgan King,Tokelau
17,John Shaffer,Namibia
18,Stephen Smith,Palestinian Territory
19,Mariah Hall,Belgium
20,Allison Roberts,Falkland Islands (Malvinas)
21,Chelsea Keller,Jordan
22,Virginia Kelly,Turkmenistan
23,Sara Love,Guam
24,Carlos Rivera,Tonga
25,Dustin Greene,Suriname
26,Brenda Thompson,Dominican Republic
27,Richard Harrington MD,Canada
28,Lisa Howell,Brazil
29,Frances Jarvis,Ukraine
30,Kevin Cameron,Niue
31,Kevin Bailey,Saint Kitts and Nevis
32,Darrell Nguyen,Solomon Islands
33,Seth Kennedy,France
34,Christine Hayes,Heard Island and McDonald Islands
35,Veronica Chavez,Peru
36,Travis Jones,Moldova
37,Erin Daniel,Nepal
38,Shawn Newton,Congo
39,Erin Wyatt,Samoa
40,Karen Williams,Congo
41,Ronald Green,Tonga
42,Karen Jones,Puerto Rico
43,Jessica Cruz,Liberia
44,Austin Cooke,French Southern Territories
45,Austin Holt,Guam
46,Allison Ross,Bermuda
47,Jacob Johnson,Botswana
48,Eddie Vargas,Azerbaijan
49,Aaron Wilkerson,USA
50,Samantha Nicholson,Maldives
51,Rebekah Williams,Tunisia
52,John Adams,Tonga
53,Ryan Winters,India
54,Erica Arnold,Turkey
55,Tami Patel MD,Japan
56,Jasmine Pena,Lao People's Democratic Republic
57,Ryan Williams,Eritrea
58,Laura Deleon,Saint Vincent and the Grenadines
59,Rachel Alexander,Chile
60,Steven Daniels,British Virgin Islands
61,Gregory Hall,French Southern Territories
62,Kevin Long,Canada
63,Teresa Nash,Albania
64,Christopher Henry,Lao People's Democratic Republic
65,Amber Baldwin,Guinea-Bissau
66,Lonnie Stewart,Faroe Islands
67,Jesse Harrington,Dominican Republic
68,Carlos Scott,Liberia
69,Billy Mason,Namibia
70,Maureen Moreno,Ireland
71,Jessica Vincent,Mauritius
72,Aaron Byrd,Aruba
73,Jeffrey Benson,Zimbabwe
74,Brian Dunlap,Congo
75,Terry Myers,Dominican Republic
76,Jay Butler,Saint Kitts and Nevis
77,Linda Gibson,Tonga
78,John Mills,Comoros
79,Sherry Powell,Samoa
80,Kevin Campbell,Lebanon
81,Jenna Alvarez,Poland
82,Daniel Gordon,Bermuda
83,Richard Blake,Kazakhstan
84,Melissa Fisher,Timor-Leste
85,Jeremy Miller,Guyana
86,Laurie Dean,Saint Barthelemy
87,Natalie Taylor,Mozambique
88,Ernest Brown,Korea
89,Melissa Johnson,Pitcairn Islands
90,Jessica Smith,Afghanistan
91,Mrs. Connie Martin,Canada
92,Robert Walsh,Jordan
93,Laura Mendoza,Kazakhstan
94,Thomas Perez,British Virgin Islands
95,Billy Walker,Guyana
96,Nicole Johnson,Romania
97,Dr. Andrea Bryant,Croatia
98,Bradley Joseph,Fiji
99,Michael Peterson,Iraq
100,Michael Proctor,Antigua and Barbuda
101,Mark Ross,Saint Lucia
102,Brandon Wood,United States Virgin Islands
103,William Howard,Seychelles
104,Melvin Edwards,French Southern Territories
105,Julie Mora,Guyana
106,Nicole Bates,New Caledonia
107,Calvin Williams,Qatar
108,Ariel Crawford,Taiwan
109,Adam Powell,Isle of Man
110,Thomas Morris,Saint Martin
111,Amanda Munoz,USA
112,Breanna Williams,Nigeria
113,Amber Edwards,Latvia
114,Shawn Wise,Saint Lucia
115,Vincent Pierce,Lebanon
116,Christopher Ford,Chile
117,Alejandro Marshall,Falkland Islands (Malvinas)
118,Robert Figueroa,Guinea-Bissau
119,Dr. Regina Hernandez,Thailand
120,Duane Martinez,Ecuador
121,April Hughes,Turkmenistan
122,Christina King,Grenada
123,Ashley Mcconnell,Bermuda
124,Jeffrey Sanchez,Azerbaijan
125,Traci Hanna,British Virgin Islands
126,Carlos Gillespie,Greece
127,James Johnson,Malta
128,Douglas Peterson,Lebanon
129,Molly Nelson,Bulgaria
130,Mr. John Moore,Pakistan
131,Walter Johnson,Northern Mariana Islands
132,Ryan Boone,Dominica
133,Laura Smith,Belarus
134,Anthony Maynard,Isle of Man
135,Devin Combs,Angola
136,Eric Jones,British Indian Ocean Territory (Chagos Archipelago)
137,Sarah Ross,Chile
138,Frank Wells,Djibouti
139,Nicole Green DDS,Macedonia
140,Matthew Huber,United States Virgin Islands
141,Kimberly Dunn,Saint Lucia
142,Danielle Kemp,Netherlands Antilles
143,Amy Silva,Uruguay
144,Megan Golden,Mozambique
145,Jessica Brown,Lao People's Democratic Republic
146,Charles Nelson,Bouvet Island (Bouvetoya)
147,Andrea Day,Norfolk Island
148,Christina Goodman,Christmas Island
149,Dorothy Mahoney,USA
150,Megan Campbell,Cocos (Keeling) Islands
151,Adrienne Myers,Palau
152,Mary Montgomery,Bolivia
153,Matthew Soto,Swaziland
154,Amanda Hayes,Croatia
155,Brandy Koch,Korea
156,Mrs. Taylor Hampton,Antigua and Barbuda
157,Benjamin Sullivan,Ecuador
158,Krista Norris,Solomon Islands
159,Jennifer Aguilar,Sweden
160,Cynthia Curry,Cape Verde
161,Victor Edwards,Saint Helena
162,Roberto Jensen,Martinique
163,Jessica Lawson,Brazil
164,Ashley Mcgee,Montenegro
165,Lisa Crane,Syrian Arab Republic
166,Juan West,Svalbard & Jan Mayen Islands
167,Becky Williams,Maldives
168,Robert Young,Finland
169,Mrs. Cassandra Rush,Norway
170,Lydia Palmer,Senegal
171,Sergio Schmidt,USA
172,Angela Fields,Serbia
173,Christina Clark,Kyrgyz Republic
174,Pamela Miller,Finland
175,Jade Griffith,Mayotte
176,Olivia Garner,Saudi Arabia
177,Ralph Gentry,Romania
178,Crystal Mendez,Switzerland
179,Paul Stokes,Mauritania
180,Robert Archer,Bahamas
181,Edward Graham,Equatorial Guinea
182,Mark Davis,Aruba
183,Shane Bell,Djibouti
184,Andrew Olson,Tanzania
185,Bryan Arnold,Greece
186,Carolyn Dyer,Suriname
187,Lisa Taylor,Saint Helena
188,Joy Griffin,Botswana
189,Michael King,Slovenia
190,Diana Ramirez,Pitcairn Islands
191,Cody Richardson,Uzbekistan
192,Brittany Blackwell,Suriname
193,Marcus Jones,El Salvador
194,Anthony Cross,Burkina Faso
195,Chad Martinez,Tuvalu
196,Brooke Kelly,Armenia
197,George Mcintosh,Italy
198,Brandon Bowers,Falkland Islands (Malvinas)
199,Danielle Harris,Netherlands Antilles
200,Thomas Lewis,Ireland
201,Gregory Santiago,Hungary
202,Hannah Smith,Saint Barthelemy
203,Christopher Sanchez DDS,Macedonia
204,Shelly Bowman,Suriname
205,Benjamin Phillips,Lithuania
206,Scott Ortiz,Korea
207,Jerry Whitney,Greece
208,Tracy Collier,USA
209,Dr. Jim Thompson MD,Ghana
210,Marie Murphy,Lao People's Democratic Republic
211,Lisa Simmons,Cote d'Ivoire
212,Frederick Woods,Iran
213,Anne Robinson,Seychelles
214,Amanda Walsh,Korea
215,Melissa Hayes,Italy
216,David Ramirez,Antarctica (the territory South of 60 deg S)
217,Billy Morris,British Indian Ocean Territory (Chagos Archipelago)
218,Rebecca Jones,Mozambique
219,Kiara Crawford,Slovenia
220,Grace Johnson,Pakistan
221,Megan Barton,Afghanistan
222,Lisa Baird,Sudan
223,John Hart,Afghanistan
224,Bruce Smith,Korea
225,Sylvia Harris,Saint Barthelemy
226,Louis Washington,Sao Tome and Principe
227,Stephanie Koch MD,Cambodia
228,Hailey Russell,Nigeria
229,Erin Moreno,Moldova
230,Lisa Duarte,United Arab Emirates
231,Carla Cook,Germany
232,Theodore Chavez,Bermuda
233,Ryan Mejia,Bangladesh
234,Melissa Davis,Lao People's Democratic Republic
235,Ariana Thompson,Croatia
236,Andrew Wilson,United Kingdom
237,Tina Jones,Paraguay
238,John Garner,Montenegro
239,Kirk Webb,Falkland Islands (Malvinas)
240,Brandon Griffith,Maldives
241,Mary Johnson,Ireland
242,Nicholas Warren,Western Sahara
243,Christina Burke,Portugal
244,Sara Stein,Namibia
245,Kevin Welch,New Caledonia
246,Richard Boyd,Azerbaijan
247,Carrie Ramirez,Mexico
248,Arthur Hunter,Nepal
249,Gina Boyd,USA
250,Andrew Williams,Liechtenstein
251,Andrew Cohen,Fiji
252,Jason Gilbert,Ecuador
253,Lisa Walker,Swaziland
254,Becky Leonard,Venezuela
255,Kari Rodriguez,Honduras
256,Louis Gibbs,Falkland Islands (Malvinas)
257,Christopher Scott,Libyan Arab Jamahiriya
258,Lance David,Korea
259,Margaret Lewis,Antarctica (the territory South of 60 deg S)
260,Aaron Carrillo,Ghana
261,Keith Rodriguez MD,Northern Mariana Islands
262,Heidi Hensley,Nicaragua
263,Dr. Dana Gordon,Saint Lucia
264,Edward Carroll,Cayman Islands
265,Diana Foster,Croatia
266,Kristen Dodson,Tuvalu
267,William Hernandez,Greenland
268,Robin Williams,Saint Vincent and the Grenadines
269,Jody Donovan,Ireland
270,Victor House,Saint Kitts and Nevis
271,Jon Swanson,Estonia
272,Terry Berry,Burundi
273,Charles Summers,Kazakhstan
274,Christine Williams,USA
275,Sharon Harris,Costa Rica
276,Christopher Arnold,Mauritania
277,Christina Martinez,French Guiana
278,Austin Lopez,Kazakhstan
279,Erin Smith,Norfolk Island
280,Matthew Munoz,Belarus
281,Nancy Nguyen,Venezuela
282,Robert Anderson,Macao
283,Charlene Stone,Bermuda
284,Dana Wade,USA
285,April Williams,Fiji
286,Natalie Walker,Bermuda
287,Joshua Ramirez,Ethiopia
288,Daniel Mcguire,Kenya
289,Kyle Scott,Netherlands Antilles
290,Dana Fisher,Bouvet Island (Bouvetoya)
291,Kevin Beard,Turks and Caicos Islands
292,Marissa Wright,French Polynesia
293,Brianna Sanchez,China
294,Crystal Fischer,Tanzania
295,Nancy Thomas,Montenegro
296,Paula Miller,Samoa
297,Breanna Guerrero,Malta
298,Jeffrey Washington,Grenada
299,Carlos Harris,Dominican Republic
300,Stephen Barber,Cuba
301,James Watson,Kazakhstan
302,Elizabeth Gibson,Papua New Guinea
303,Emily Wallace,Anguilla
304,Elizabeth Wood,French Guiana
305,Mark Parker,Togo
306,Kimberly Smith,Turks and Caicos Islands
307,Jeffrey Rubio,Angola
308,Heidi Palmer,Netherlands
309,Adam Frazier,Benin
310,Monique Duncan,French Southern Territories
311,Jerry Haas,Ethiopia
312,Mary Lopez,Solomon Islands
313,Stephanie Williams,Ecuador
314,Andrea Hatfield,Northern Mariana Islands
315,Michael Smith,Netherlands
316,Alejandro Aguilar MD,Gabon
317,Eric Ortiz,Dominican Republic
318,Christopher Oconnell,Maldives
319,John Davis,Haiti
320,Vernon Patterson,Pitcairn Islands
321,Joshua Lozano,Australia
322,Stephanie Ray,Argentina
323,Jerry Wilson,Colombia
324,Debra Juarez,Norfolk Island
325,Alicia Cervantes,Lithuania
326,Bryan Lee,Comoros
327,Andrew Myers,Turkmenistan
328,Sarah Moore,Dominican Republic
329,Anna Nunez,Lao People's Democratic Republic
330,Michael Fowler,Egypt
331,Elizabeth Brown,Sierra Leone
332,Michael Avery,USA
333,Tracy Reynolds,Italy
334,Audrey Jimenez,Kyrgyz Republic
335,Thomas Castillo,Norfolk Island
336,Scott Williams,Macao
337,Dr. Willie Bennett MD,Tonga
338,Patrick Haney,French Guiana
339,Renee Lucas,USA
340,Cheyenne Reynolds,Mauritania
341,Austin Gray,Ireland
342,Jeffrey Bell,Dominican Republic
343,Steven Rivers,Korea
344,Diana Schaefer,Grenada
345,Edward Davis,Brazil
346,Karen Johnson,Papua New Guinea
347,Danny Stephens,Vietnam
348,David Ramos,Ghana
349,Jeffrey Gibson,Maldives
350,Ashley Williams,Madagascar
351,Justin Perez,Israel
352,Michael Harrison,Saudi Arabia
353,Michelle Allen,Hungary
354,Tammy Dixon,Bahrain
355,Lynn Taylor,Antarctica (the territory South of 60 deg S)
356,Andrew Miller,Nauru
357,Natalie Woods MD,Afghanistan
358,Paige Mcdaniel,Netherlands Antilles
359,William Horton,Israel
360,Shaun Jennings,Antigua and Barbuda
361,Angela Conway,China
362,Monica Wilson,Saint Helena
363,Christopher Miller,Croatia
364,Austin Cuevas,Slovenia
365,Courtney Newman,Hungary
366,Vincent Ward,Hungary
367,Maria Love,Niue
368,Robert Stevens,Mauritania
369,Rachel Ford,Botswana
370,Brandon Burke,El Salvador
371,Thomas Robles,Bulgaria
372,Peter Bennett,Germany
373,Katie Grant,USA
374,Dr. Janet Ford MD,Eritrea
375,William Martin,Latvia
376,James Thompson,United States Minor Outlying Islands
377,Jennifer Blackwell,Greenland
378,Emily Wagner,Egypt
379,Kyle Young,Brunei Darussalam
380,Amber Jones,Reunion
381,Nicholas Ferguson,Argentina
382,Alexander Brock,Azerbaijan
383,Patrick Wells,USA
384,Jared Schroeder,Romania
385,Tristan Gilbert,Guyana
386,Charles Miller,Bermuda
387,Randy Woods,Burundi
388,Walter Bennett MD,Ghana
389,Carl Taylor,Senegal
390,James Nunez,Montenegro
391,Jeffery Harris,Mali
392,Heather Nguyen,Turks and Caicos Islands
393,Krystal Blair,Uruguay
394,Matthew Andrews,Anguilla
395,Mrs. Sheryl Wallace,Guatemala
396,Jeremy Dominguez,Tanzania
397,Stacy Mcdowell,Macao
398,Tyler Morgan,USA
399,Kelly Cross,Saint Martin
400,Kevin White,Bahrain
401,Brent Bond DDS,Saint Vincent and the Grenadines
402,Amanda Wilson,Netherlands
403,Craig Wright,Hong Kong
404,Deborah Richardson,Guernsey
405,Patricia Wallace,Saudi Arabia
406,Tracy Mccoy,Samoa
407,Kara West,Panama
408,Melody Ho,Peru
409,Calvin Miller,Chile
410,Misty Wolfe,USA
411,David Saunders,New Caledonia
412,Oscar Brown,Tokelau
413,David Barrett,Guernsey
414,Tyler Shannon,Central African Republic
415,Jose Lawrence,Saudi Arabia
416,Heather Carter,Monaco
417,Matthew Harris,Greenland
418,Kirsten Miller,Guatemala
419,Melissa Jackson,Saint Lucia
420,Paula Collier,Guam
421,Lee Lee,Iran
422,Derek Joyce,Bhutan
423,Amy Cannon,Niger
424,Misty Simpson,Romania
425,Michelle Taylor,Ireland
426,Michael Wood,Nigeria
427,Nicole Greene,Afghanistan
428,Natalie Murillo,Congo
429,Jonathan House,Bolivia
430,William Taylor,Norfolk Island
431,Daniel Simmons,Lithuania
432,Brandy Morales,Liberia
433,Craig Andrews,Cote d'Ivoire
434,Regina Kennedy,USA
435,Taylor Benson,Gabon
436,Natasha Hernandez,Guinea-Bissau
437,Nicole Burke,French Southern Territories
438,Cody Scott,Macao
439,Thomas Pena,Venezuela
440,Sheryl Medina,Sao Tome and Principe
441,Hannah Holt,Albania
442,Dr. Scott Schneider,Dominica
443,Tamara Griffin,New Zealand
444,Thomas Campbell,Brazil
445,Melanie Mccormick,Montserrat
446,Sonia Gibson,USA
447,Kristen Good,Falkland Islands (Malvinas)
448,Jason Nicholson,French Southern Territories
449,Cory Rice,Svalbard & Jan Mayen Islands
450,Karen Cortez,Austria
451,Jason Knight,Antigua and Barbuda
452,Christina Hansen,Anguilla
453,Madison Mendez,France
454,Tanner Donovan MD,Maldives
455,Pamela Ellis,Isle of Man
456,Larry Haley,Netherlands Antilles
457,Justin Knight,Congo
458,Lisa Hodges,Finland
459,Amy Macdonald,Poland
460,Gabrielle Armstrong,Jordan
461,Jessica Jackson,Lebanon
462,Rhonda Smith,Mongolia
463,Sara May,Niger
464,Paul Martinez,Saint Helena
465,Mr. Leon Mccall MD,Georgia
466,Kiara Mays,Marshall Islands
467,Karen Cole,Holy See (Vatican City State)
468,William Sanchez,Comoros
469,Jennifer Zimmerman MD,Antarctica (the territory South of 60 deg S)
470,James Campbell,Saint Kitts and Nevis
471,Kathleen Trujillo,Palau
472,William Davenport,Bulgaria
473,Suzanne Aguilar,Pitcairn Islands
474,Michael Foster,Switzerland
475,Danielle Jenkins,Costa Rica
476,Brian Meza,French Polynesia
477,Matthew Mack,USA
478,Michelle Martinez,Russian Federation
479,Michelle Frey,Nigeria
480,Shelly Bradley,Comoros
481,Melody Kennedy,Guatemala
482,Brittany Johnson,Namibia
483,Wesley Edwards,Antarctica (the territory South of 60 deg S)
484,Justin Davis,Sudan
485,Ruth Ramos,Bhutan
486,Tamara Meyers,Heard Island and McDonald Islands
487,Hunter Gardner,Gambia
488,Christopher Thornton,Kiribati
489,Deborah Dunn,Latvia
490,Kenneth Simmons,South Georgia and the South Sandwich Islands
491,Edward Macdonald,Guinea
492,Lisa Green,Armenia
493,Reginald Boyd,Northern Mariana Islands
494,Dwayne Johnson,Faroe Islands
495,Mr. Nicholas May,Cayman Islands
496,Bryan Gonzalez,El Salvador
497,Daniel Miller,Faroe Islands
498,Mary Stone,Belgium
499,Sarah Burns,Guernsey
500,Stephanie Anderson,USA
501,Juan Kim,Chile
502,Chloe Oconnor,Saint Barthelemy
503,Curtis Hernandez,Gambia
504,Michelle Stevens,USA
505,Christine Durham,Madagascar
506,Mark Willis,Australia
507,Ashley Rodriguez,French Guiana
508,Mercedes Berry,Norfolk Island
509,James Sweeney,Spain
510,Denise Chapman,Mexico
511,William Cruz,Ghana
512,Brian Trujillo,Mongolia
513,Elizabeth Prince,Sao Tome and Principe
514,Jeffrey Green,Hong Kong
515,Joshua Collins,Finland
516,Duane Cordova,Bermuda
517,Michele Lewis,British Virgin Islands
518,Lisa Washington MD,Suriname
519,John Hill,Croatia
520,Catherine Jones,Seychelles
521,Amy Evans,Tunisia
522,Jacob Henderson,American Samoa
523,Aaron Sanchez,Guam
524,Gregory Jones,Anguilla
525,Joyce Kerr,Haiti
526,Sarah Parrish,Croatia
527,Anthony Holmes,Netherlands
528,Ashley George,Sierra Leone
529,Richard Rivera,Latvia
530,John Kerr,Timor-Leste
531,Terry Hester,Korea
532,Adam Lee,Aruba
533,Adam Young,Monaco
534,Vanessa Barnes MD,Chad
535,Robert Perry,Benin
536,Tonya Smith,Norway
537,Cynthia Rodriguez,Barbados
538,Russell Flores,Hong Kong
539,Kenneth Hernandez,Northern Mariana Islands
540,Garrett Crane,Burundi
541,Robert Wagner,Sweden
542,Claudia Copeland,Cape Verde
543,Joseph Jackson,British Indian Ocean Territory (Chagos Archipelago)
544,Scott Cohen,Lithuania
545,Katrina Brown,Egypt
546,Kimberly Delgado,Djibouti
547,James Edwards,Bhutan
548,Michael Jones DVM,Ireland
549,Madison Suarez,Tanzania
550,Anna Logan,Norfolk Island
551,Alejandra Huber MD,Nigeria
552,Rebecca Owen,Belarus
553,Tracy Green,Bermuda
554,Derrick Delacruz,Liechtenstein
555,Jerry Smith,Germany
556,Matthew Pennington,Faroe Islands
557,Brian Johnson,Faroe Islands
558,Lindsey Mclean,Hong Kong
559,Antonio Harris,Mexico
560,Sherry Smith,Chile
561,Emily Williams,Saint Martin
562,Richard Martinez,Suriname
563,Jennifer Fisher,Bahamas
564,Dr. Angela Hoover MD,Niger
565,Michael Murillo,Kenya
566,Jacob Ortiz,Senegal
567,Kelly Carlson,Liechtenstein
568,Madison Hayden,Morocco
569,Theresa Hancock,Moldova
570,Tina Baker,Azerbaijan
571,Tara Hall,Georgia
572,Phillip Garcia,Korea
573,David Merritt,Taiwan
574,Kathy Thompson,Cape Verde
575,Patricia Johnson,Saudi Arabia
576,Riley Peterson MD,Tunisia
577,Angela Wallace,Saint Barthelemy
578,Jeffrey Pearson,Slovakia (Slovak Republic)
579,Christopher Olson,Zimbabwe
580,Thomas Bennett,Luxembourg
581,Benjamin Delacruz,Fiji
582,Laura Martinez,Vietnam
583,Scott Walker,Jamaica
584,Jason Gilbert,USA
585,Wendy Cox,Bahamas
586,Carl Gibson,Iceland
587,Eric Andrews,Australia
588,Dr. Monica Pena,Mali
589,Joe Jenkins,Svalbard & Jan Mayen Islands
590,Thomas Evans,Norway
591,Shane Richardson,Libyan Arab Jamahiriya
592,Kathleen Henderson,Portugal
593,Joshua Rivera,Samoa
594,Andrew Morgan,Georgia
595,Jenna Aguilar,Trinidad and Tobago
596,Caitlin Reed,Eritrea
597,Denise Murphy,Aruba
598,Danielle Copeland,Fiji
599,Cody Fisher,Papua New Guinea
600,Michael Frye,Namibia
601,Steven Young,USA
602,Autumn Page,British Indian Ocean Territory (Chagos Archipelago)
603,Ronald Thomas,Serbia
604,Patricia Lopez,Equatorial Guinea
605,Jonathan Weeks,Bolivia
606,Joshua Gonzalez,Malta
607,Jacob Navarro,Armenia
608,Alan Morgan,Bulgaria
609,Robert Brown,Central African Republic
610,Brittany Lopez,Swaziland
611,Bob Campbell,Mongolia
612,Destiny Lee,Northern Mariana Islands
613,Matthew Johnson,Israel
614,Jackson Cherry,Finland
615,April Jacobs,Myanmar
616,Rebecca Ortega,Heard Island and McDonald Islands
617,Jessica Cortez,Monaco
618,David Johnson,Azerbaijan
619,Alicia Chase,Congo
620,Eric Smith,Anguilla
621,Lori Norton,Ireland
622,Debra Miller,Ecuador
623,Peter Nixon,Anguilla
624,Vincent Campbell,New Zealand
625,Jennifer Martin,Switzerland
626,Tracey Lamb,Anguilla
627,Emily Thompson,Chad
628,Laurie Alvarado,Congo
629,Kimberly Watkins,Lithuania
630,Collin Lawson,Burkina Faso
631,Marc Wilson,Guinea
632,Chelsea Murphy,Netherlands Antilles
633,Christine Nguyen,Aruba
634,Michael Freeman,Saint Vincent and the Grenadines
635,Kyle Vasquez,Estonia
636,Kim Diaz,Cape Verde
637,Dominique Walker,Cote d'Ivoire
638,Cory Romero,Iceland
639,Savannah Phillips,Belgium
640,John Olson,Belarus
641,Eric Lee,Armenia
642,Raymond Evans,Korea
643,Nicholas Hunter,Taiwan
644,Sandra Knapp,Austria
645,Kimberly Brown,Ecuador
646,Maureen Page,Cape Verde
647,Peter Figueroa,Tunisia
648,Jasmine Perry,Guinea
649,Elizabeth Harris,Christmas Island
650,Ricky Andrews,Dominica
651,Kyle Burns,Mongolia
652,Ronald Nelson,Mayotte
653,Melissa Thompson,Suriname
654,Rhonda Smith,United Kingdom
655,Lauren Ross,USA
656,John Ingram,Papua New Guinea
657,Susan Rosales,Mayotte
658,Russell Summers,Saudi Arabia
659,Tiffany Becker,Peru
660,Sarah Gibson,Czech Republic
661,Brandon Smith MD,Antarctica (the territory South of 60 deg S)
662,Desiree Sanders,Angola
663,Laura Smith,Peru
664,Kyle Ball,Belarus
665,Bryan Ramirez,Bolivia
666,Lawrence Allen,Guernsey
667,Kristie Gonzalez,Costa Rica
668,Steven Schwartz,Micronesia
669,Sara Vasquez,Netherlands
670,Makayla Thompson,Korea
671,Amanda Castaneda,Botswana
672,Matthew Chapman,Christmas Island
673,Theresa Brown,Congo
674,James Medina,Monaco
675,Bethany Ellis,Moldova
676,Tasha Rodriguez,New Zealand
677,Tracy Chang,Liberia
678,Heidi Johnson MD,Kenya
679,Joshua Moreno,Singapore
680,Shelby Barajas,Guyana
681,Michael Marsh,Monaco
682,Michael Buck,Brunei Darussalam
683,Thomas Lin,Holy See (Vatican City State)
684,Bonnie Salazar,Tonga
685,Carol Jones,Puerto Rico
686,Fernando Vargas,Saint Kitts and Nevis
687,Monique Mcbride,Cameroon
688,Corey Moody,Madagascar
689,Megan Ashley,Panama
690,Justin Lee,Saint Barthelemy
691,Antonio Palmer,Svalbard & Jan Mayen Islands
692,Jacob Briggs,Central African Republic
693,Maria Hudson,Haiti
694,Mallory Miller,Jordan
695,Rodney Santiago,Costa Rica
696,Kimberly Morse,Montenegro
697,Kenneth Johnson,Ecuador
698,James Compton,Guyana
699,Susan Solis,Bermuda
700,Joshua Campbell,Falkland Islands (Malvinas)
701,Michael Morrow,Taiwan
702,Lindsay Mclaughlin,Libyan Arab Jamahiriya
703,John Rodriguez,Rwanda
704,Thomas Schroeder,Nicaragua
705,Michael Williams,Benin
706,Leslie Carter,Namibia
707,Cheryl Nguyen,Guadeloupe
708,Rachael Nguyen,Tajikistan
709,William Stewart,Croatia
710,Matthew Snyder,Albania
711,David Ochoa,Mali
712,Todd Rodriguez,Kuwait
713,Julie Love,Venezuela
714,Curtis Davis,Mauritania
715,Kim George,Serbia
716,Jasmine Conner,Western Sahara
717,Emily Smith,Saint Barthelemy
718,Mr. James Walters,USA
719,Makayla Kirby,Wallis and Futuna
720,Heather Vaughan,Western Sahara
721,Charles Rogers,Micronesia
722,Michael Perry,Singapore
723,Shannon Bailey,Turkmenistan
724,Megan Sanchez,Korea
725,Jeffrey Boyer,Turkmenistan
726,Nicholas Bailey,Cote d'Ivoire
727,Gregory Soto,Solomon Islands
728,Dana Cisneros,Peru
729,Matthew Weiss,Cyprus
730,Jocelyn Martinez,USA
731,Lisa Caldwell,Brunei Darussalam
732,Melissa Adkins,Timor-Leste
733,Lori Moore,Aruba
734,Maria Moreno,Oman
735,Yvonne Adkins,El Salvador
736,Karen Ford,Russian Federation
737,Mark Grant,Bermuda
738,Emily Trevino,Ireland
739,Barbara Joyce,Kenya
740,Timothy Hawkins,Guam
741,Charles Welch,Honduras
742,Tabitha Solomon,Saint Helena
743,Audrey Molina,USA
744,Robert Smith,Montenegro
745,Amy Gutierrez,Argentina
746,Troy Sanchez,Uganda
747,Christopher Payne,Austria
748,Jill Payne,Iceland
749,Eric Moore,Canada
750,Karen Weaver,Eritrea
751,Laura Ferrell,India
752,Heather Bright MD,Mozambique
753,Shawn Castillo,Zambia
754,Rachael Haas,Gambia
755,Keith Santiago,India
756,Justin Fernandez,Chile
757,Anne Dyer,Zimbabwe
758,Taylor Smith,Indonesia
759,William Martinez,Saint Vincent and the Grenadines
760,Frank Williams,Pakistan
761,Roy Edwards,Lao People's Democratic Republic
762,Suzanne Johnson,Benin
763,Bonnie Washington,Congo
764,Ashley Johnson,United States Minor Outlying Islands
765,Stephanie Edwards,Slovenia
766,Amy Hughes,Turks and Caicos Islands
767,Joseph Lowe,Congo
768,Michelle Barnes,Fiji
769,Timothy Rowe,Seychelles
770,Jonathan Padilla,Mali
771,Kristi Thompson,Hungary
772,Joshua Willis MD,New Caledonia
773,Darrell Tran,Niger
774,Sarah Rice,Ireland
775,Dana Campbell,Denmark
776,Charles Clark,Czech Republic
777,Jose Robinson,Poland
778,Richard Carpenter,Austria
779,Andrew Wilson,Canada
780,David Ellis,Jamaica
781,Lisa Owens,Malaysia
782,David Kim,Aruba
783,David Brown,Tanzania
784,Adam Kane,Bosnia and Herzegovina
785,Laurie Anderson,Chile
786,Sandra Willis,Sao Tome and Principe
787,Michael Khan,Chile
788,Michelle Cohen,Antigua and Barbuda
789,Steven Wright,Romania
790,Emily Lewis,USA
791,Steven Kelly,Central African Republic
792,Douglas Nicholson,USA
793,Andrea Williams,Western Sahara
794,Randy Stone,Bermuda
795,Terri Hughes,Algeria
796,Holly Miller,Kiribati
797,Maria Rosario,Bangladesh
798,Christopher Williams,Botswana
799,Daniel Dennis,Montenegro
800,Janet Snyder,Reunion
801,Lisa Burns,Micronesia
802,Sierra Conley,Malaysia
803,Tina Valdez,Ghana
804,Emily Bates,Dominican Republic
805,Daniel Nelson,Egypt
806,Marissa Jordan,Nepal
807,Ashley Gonzalez,Saint Helena
808,Mrs. Natalie Neal,Qatar
809,Lee Pope,Afghanistan
810,Krista Smith,Bolivia
811,Kayla Griffin,Cape Verde
812,Teresa Barnes,Cambodia
813,Valerie Strickland,Panama
814,Amy Barr,Guatemala
815,Nancy Miller,Denmark
816,Nicole Short,Slovakia (Slovak Republic)
817,Meredith Harris,Mongolia
818,David Johnson,United Kingdom
819,Cassandra Ayers,Guam
820,Tammy Smith,Niue
821,Jacob Alvarez,Latvia
822,Patricia Simpson,Central African Republic
823,Mary Wilkins,Reunion
824,Scott Mitchell,Papua New Guinea
825,Anna Howard,Libyan Arab Jamahiriya
826,Douglas Hoffman,Algeria
827,Brandon Haynes,Guatemala
828,Raymond Rivera,Tajikistan
829,Ann Reyes,New Zealand
830,Joshua Ross,Finland
831,Jessica Davis,Macao
832,Andrew Warren,Sudan
833,Douglas Luna,Togo
834,Shannon Spencer,Georgia
835,Jonathon Church,Norfolk Island
836,Jessica Kelley,Denmark
837,Tammy Marshall,Afghanistan
838,Paige Johnson,Bulgaria
839,Shawn Garza,Isle of Man
840,Joshua Brown,Seychelles
841,Richard Reynolds,American Samoa
842,Devin Lam,Thailand
843,Phillip Dickerson,Guernsey
844,Pam King,Saint Pierre and Miquelon
845,Jeffery Norris,Saint Martin
846,Joshua Jones,Netherlands Antilles
847,Emma Thomas,Netherlands Antilles
848,Jeffrey Kaufman,Turkey
849,Charles Sutton,Equatorial Guinea
850,Jeffrey Mitchell,Martinique
851,Deborah York,New Caledonia
852,Wesley Jones,Turkey
853,Susan Green,Indonesia
854,Tamara Gutierrez,Canada
855,Julia Aguilar,Swaziland
856,Selena Forbes,Slovakia (Slovak Republic)
857,Gloria King,Samoa
858,Kari Peters,Antigua and Barbuda
859,Carlos Bryant,Aruba
860,Richard Hamilton,Poland
861,Mr. Michael Smith,Bangladesh
862,Alexis Larson,Pakistan
863,Emily Phillips,Maldives
864,Sarah Clayton,Denmark
865,Stephanie Richards,Switzerland
866,Sarah Pham,Congo
867,Patricia Holt,Venezuela
868,Amy Howe,Kazakhstan
869,William Hernandez,Zimbabwe
870,Claudia Washington,Anguilla
871,Elizabeth Moreno,Macao
872,Betty Chapman,Luxembourg
873,Tony Newman,Saint Martin
874,Ashley Wolfe,Cape Verde
875,Monica Collins,Saint Helena
876,Phillip Edwards,Angola
877,Rebecca Griffin PhD,Panama
878,Cynthia Wright,Liechtenstein
879,Laura Farley,Mali
880,Sarah Pope,Cayman Islands
881,Matthew Mcbride,French Southern Territories
882,Jasmine Hoffman,Lesotho
883,Patrick White,Netherlands
884,Heather Nelson,Comoros
885,Robert Blankenship,Nigeria
886,Alexander Tran,Micronesia
887,Tamara Davis,Isle of Man
888,David Miller,Nauru
889,Lauren Cruz,Cyprus
890,Tammy Mendoza,Pakistan
891,Jay Patterson,Fiji
892,Lorraine Vasquez,Samoa
893,Amanda Norris,Turks and Caicos Islands
894,Don Palmer,Liechtenstein
895,Cathy Brown,Mali
896,Daniel Chang,French Southern Territories
897,Heather Flores,Congo
898,Robert Watson,Hungary
899,Robin Johnson,Tanzania
900,Levi Taylor,Eritrea
901,Joseph Baker,Mali
902,Michelle Cox,United States Minor Outlying Islands
903,Joshua Brown,Lao People's Democratic Republic
904,Cassandra Jones,USA
905,Thomas Osborn,Kuwait
906,Jason Jones,Martinique
907,Mike Kirby,Sudan
908,Keith Fuller,Cook Islands
909,Danielle Everett,Albania
910,Jennifer Keith,Liberia
911,Dr. Linda Ellis MD,Pitcairn Islands
912,Miranda Heath,Malaysia
913,Christopher Rodriguez,Suriname
914,Rebecca Ford,Uganda
915,Amber Lane,Ecuador
916,Melissa Henderson,Mayotte
917,Sheri Kim MD,Botswana
918,Robert Martin,Tuvalu
919,Micheal Ramirez,Netherlands
920,Dawn Stephens,Korea
921,Tyler Luna,Faroe Islands
922,Justin Garcia,Estonia
923,Jennifer Brown,Tanzania
924,Donald Webb,Rwanda
925,Ross Gonzalez,New Caledonia
926,Brittney Vincent,Guernsey
927,Lisa Holloway,Zambia
928,Christina Brown,Estonia
929,David Flores,French Polynesia
930,Diana Mueller,Christmas Island
931,Ms. Carolyn Chaney,Chile
932,April Porter,Italy
933,Sonya Cunningham,Cape Verde
934,Robin Taylor,Cameroon
935,Arthur Aguilar,Moldova
936,Christopher Graham,Guinea-Bissau
937,Justin Torres,Greenland
938,Tyler Cunningham,Greece
939,Gregory Moore,Ireland
940,Emily Diaz,Denmark
941,Dylan Maldonado,Belarus
942,Terry Ashley Jr.,Saint Barthelemy
943,Michele Smith,Guinea-Bissau
944,Sandy Murillo,Slovakia (Slovak Republic)
945,Ryan Ayala,Switzerland
946,Tracy Foster,Switzerland
947,Michele Boyle,Mayotte
948,David Hughes,Sri Lanka
949,Angela Bullock MD,Cameroon
950,Mark Henderson,Czech Republic
951,Alexandra Mckay,Estonia
952,Brady Garcia,Niue
953,Noah Anderson,Mauritius
954,Tara Wagner,Panama
955,Bryan Jackson,Ukraine
956,Michelle Booth,Poland
957,Karen Martinez,Congo
958,Cassandra Heath,United States Minor Outlying Islands
959,Anna Ball,Ireland
960,Lisa Swanson,Lesotho
961,Victor Parker,Cape Verde
962,Sarah Lopez,Taiwan
963,Thomas Lewis,France
964,Kevin Holland,Sierra Leone
965,Jack Evans,Wallis and Futuna
966,Janice Craig,Nicaragua
967,Veronica Mcdaniel,USA
968,Michael Hoffman,Christmas Island
969,Jacqueline Wise,Switzerland
970,Richard Smith,Portugal
971,Kiara Lyons,Oman
972,Kristina Fleming,India
973,Aaron Burke MD,Gabon
974,Brian Willis,Sweden
975,Daniel Moore,Lesotho
976,Roberto Ward,Saint Barthelemy
977,Christopher Glover,British Virgin Islands
978,Donald Edwards,Israel
979,Monique Skinner,Burundi
980,Kevin Campbell,British Virgin Islands
981,Tara Savage,Nicaragua
982,Mr. Eric Nguyen DDS,Ghana
983,Emily Brown,Somalia
984,Michael Collins,Lebanon
985,Joe Tucker,Fiji
986,Rachel Bell,Christmas Island
987,Andrew Reyes,Kyrgyz Republic
988,Martin Adkins,Togo
989,Robert Gonzalez,USA
990,Carolyn Romero,Zimbabwe
991,Christopher Sullivan,Iran
992,Nicole Williams,Martinique
993,Elizabeth Romero,Liechtenstein
994,Troy Chapman,USA
995,Lisa Monroe,Vietnam
996,Tony Douglas,Eritrea
997,Carolyn Jones,Gambia
998,Mia Williams,Bhutan
999,Jose Richardson,USA
1000,Joshua Little,Namibia
